rule,baseline_file,baseline_line,function,disposition,reason,baseline_expression
unwrap_used,src/albedo/daemon/bus.gleam,152,kind,intentional fallback,"The default supplies an absent optional field, empty collection, display value, or initial accumulator shown in the reviewed expression; it acknowledges no required write.","|> result.map(fn(pair) { pair.0 }) |> result.unwrap("""") } }"
unwrap_used,src/albedo/daemon/bus.gleam,161,tool_output,intentional fallback,"The default supplies an absent optional field, empty collection, display value, or initial accumulator shown in the reviewed expression; it acknowledges no required write.","json.parse(result, decode.at([""output""], decode.string)) |> result.unwrap(result) let lines = string.split(string.trim_end(text), ""\n"") let kept = list.drop(lines, int.max(0, list.length(lines) - 6))"
unwrap_used,src/albedo/daemon/bus.gleam,169,field,intentional fallback,Optional presentation fields use the supplied default.,"json.parse(event, decode.at([name], decode.string)) |> result.unwrap("""") } "
thrown_away_error,src/albedo/daemon/configuration.gleam,156,settings,intentional fallback,"The reviewed branch handles absence/invalid optional input, preserves a previously returned failure, or returns the existing boundary refusal shown in the expression; it acknowledges no required write.","}) Error(_) if name == ""default"" -> json.parse_bits(bytes, decode.dynamic) |> result.replace_error(invalid_config)"
thrown_away_error,src/albedo/daemon/configuration.gleam,292,valid_endpoint,intentional fallback,"The reviewed branch handles absence/invalid optional input, preserves a previously returned failure, or returns the existing boundary refusal shown in the expression; it acknowledges no required write.",&& parsed.fragment == None Error(_) -> False } }
unwrap_used,src/albedo/daemon/conversation.gleam,257,given_name,intentional fallback,Display names are optional; callers fall back to a family name or the saved session title.,) |> result.unwrap([]) |> list.first |> option.from_result
assert_ok_pattern,src/albedo/daemon/conversation.gleam,350,excerpt,intentional invariant,ASCII space is a valid Unicode codepoint.,"pub fn excerpt(text: String, limit: Int) -> String { let assert Ok(space) = string.utf_codepoint(32) let clean = text"
assert_ok_pattern,src/albedo/daemon/conversation.gleam,569,fold_source_pages,fix,The nonempty branch now binds the final row by pattern matching the reversed page.,"Continue(#(acc, schedule, replacements)) -> { let assert Ok(last) = list.last(rows) fold_source_pages( ledger,"
unwrap_used,src/albedo/daemon/conversation.gleam,639,load_sources,intentional fallback,"The default supplies an absent optional field, empty collection, display value, or initial accumulator shown in the reviewed expression; it acknowledges no required write.",") |> result.map(fn(rows) { list.first(rows) |> result.unwrap(-1) }) }), )"
thrown_away_error,src/albedo/daemon/conversation.gleam,714,fitted,intentional fallback,A malformed optional image-fit hint keeps the original source image.,"Ok(fit) -> image_fit.add(replacements, fit) Error(_) -> replacements } #([sourced, ..entries], replacements)"
unwrap_used,src/albedo/daemon/conversation.gleam,776,load_tail,intentional fallback,"The default supplies an absent optional field, empty collection, display value, or initial accumulator shown in the reviewed expression; it acknowledges no required write.",") -> Result(#(List(transcript.SourcedEntry), Bool), String) { let upper = option.unwrap(before, 9_223_372_036_854_775_807) use #(newest, full) <- result.try(read_before( store,"
assert_ok_pattern,src/albedo/daemon/conversation.gleam,1036,commit_fits,intentional invariant,store_images preserves the cardinality of the singleton input after every insert succeeds.,"use stored <- result.try(images.store_images(db, [fit.image])) let assert [image] = stored store.run( db,"
assert_ok_pattern,src/albedo/daemon/event_buffer.gleam,35,trim,intentional invariant,The opaque buffer stores a contiguous sequence; trimming removes exactly its oldest entry.,"True -> { let assert Ok(event) = dict.get(buffer.entries, buffer.oldest) trim(Buffer( buffer.oldest + 1,"
assert_ok_pattern,src/albedo/daemon/event_buffer.gleam,56,since,intentional invariant,since checks the retained cursor bounds before reading the contiguous entries.,"int.range(sequence, after, [], fn(events, cursor) { let assert Ok(event) = dict.get(buffer.entries, cursor) [event, ..events] }),"
unwrap_used,src/albedo/daemon/events.gleam,74,progress,intentional fallback,Optional tool progress presentation does not affect execution.,"}) |> result.unwrap([]) event(""tool_progress"", [ #("
unwrap_used,src/albedo/daemon/events.gleam,97,tool,intentional fallback,Optional trace and rendering details do not affect a durable tool output.,"|> result.map(fn(id) { journal.trace(store, id) }) |> result.unwrap(None) event(""tool"", [ #(""callId"", json.string(call.id)),"
thrown_away_error,src/albedo/daemon/events.gleam,286,render,intentional fallback,Orphan tool outputs have no corresponding call to render; the transcript itself remains stored.,"Ok(call) -> [tool(store, call, output, images)] Error(_) -> [] } types.Replay(item) -> {"
unwrap_used,src/albedo/daemon/events.gleam,313,output_text,intentional fallback,Rendering optional assistant text omits unavailable fields; it does not alter the stored replay.,") |> result.unwrap(None) |> option.unwrap("""") types.Responses -> {"
unwrap_used,src/albedo/daemon/events.gleam,314,output_text,intentional fallback,Rendering optional assistant text omits unavailable fields; it does not alter the stored replay.,"|> result.unwrap(None) |> option.unwrap("""") types.Responses -> { let part = decode.field(""text"", decode.string, decode.success)"
unwrap_used,src/albedo/daemon/events.gleam,325,output_text,intentional fallback,Rendering optional assistant text omits unavailable fields; it does not alter the stored replay.,) |> result.unwrap([]) |> string.concat }
unwrap_used,src/albedo/daemon/events.gleam,344,optional_text,intentional fallback,Absent optional assistant text is None.,) |> result.unwrap(None) } 
unwrap_used,src/albedo/daemon/events.gleam,360,item_kind,intentional fallback,"The default supplies an absent optional field, empty collection, display value, or initial accumulator shown in the reviewed expression; it acknowledges no required write.","types.inspect_item(item, decode.field(""type"", decode.string, decode.success)) |> result.unwrap("""") } "
unwrap_used,src/albedo/daemon/events.gleam,372,responses_thinking,intentional fallback,"The default supplies an absent optional field, empty collection, display value, or initial accumulator shown in the reviewed expression; it acknowledges no required write.",) |> result.unwrap([]) } // Prefer the human-readable summary; raw reasoning_text is a fallback.
thrown_away_error,src/albedo/daemon/events.gleam,407,calls,intentional fallback,Rendering optional tool-call details omits unavailable fields; execution decoding remains fallible.,Ok(call) -> [call] Error(_) -> [] } }
unwrap_used,src/albedo/daemon/events.gleam,419,calls,intentional fallback,Rendering optional tool-call details omits unavailable fields; execution decoding remains fallible.,) |> result.unwrap([]) } _ -> []
unwrap_used,src/albedo/daemon/family.gleam,274,parent_name,intentional fallback,The missing parent display name renders as parent; this does not affect family addressing.,") |> result.map(fn(found) { list.first(found) |> result.unwrap(""parent"") }) |> result.unwrap(""parent"") }"
unwrap_used,src/albedo/daemon/family.gleam,275,parent_name,intentional fallback,The missing parent display name renders as parent; this does not affect family addressing.,"|> result.map(fn(found) { list.first(found) |> result.unwrap(""parent"") }) |> result.unwrap(""parent"") }"
unwrap_used,src/albedo/daemon/folders.gleam,86,preview,intentional fallback,Repository tracking and change previews are optional presentation hints.,"Some(checkout) -> { let tracked = vcs.tracked(checkout, dir) |> result.unwrap([]) let changed = vcs.changes(checkout)"
unwrap_used,src/albedo/daemon/folders.gleam,89,preview,intentional fallback,Repository tracking and change previews are optional presentation hints.,"vcs.changes(checkout) |> result.unwrap([]) |> list.filter_map(inside(_, subpath(checkout.root, dir))) #(tracked, changed, known(tracked, changed))"
unwrap_used,src/albedo/daemon/folders.gleam,245,towards_group,intentional fallback,"The default supplies an absent optional field, empty collection, display value, or initial accumulator shown in the reviewed expression; it acknowledges no required write.",|> option.then(languages.named) |> option.unwrap(language) } 
unwrap_used,src/albedo/daemon/folders.gleam,352,base_name,intentional fallback,"The default supplies an absent optional field, empty collection, display value, or initial accumulator shown in the reviewed expression; it acknowledges no required write.","fn base_name(path: String) -> String { string.split(path, ""/"") |> list.last |> result.unwrap(path) } "
unwrap_used,src/albedo/daemon/history.gleam,136,recent,intentional fallback,"The default supplies an absent optional field, empty collection, display value, or initial accumulator shown in the reviewed expression; it acknowledges no required write.","|> list.reverse Ok(Recent(items, list.first(total) |> result.unwrap(0))) }) }"
unwrap_used,src/albedo/daemon/image_fit.gleam,161,add,intentional fallback,"The default supplies an absent optional field, empty collection, display value, or initial accumulator shown in the reviewed expression; it acknowledges no required write.","let Replacements(images) = replacements let image = dict.get(images, source(fit.image)) |> result.unwrap(fit.image) Replacements(dict.insert(images, fit.source, image)) }"
unwrap_used,src/albedo/daemon/image_fit.gleam,171,apply_replacements,intentional fallback,"The default supplies an absent optional field, empty collection, display value, or initial accumulator shown in the reviewed expression; it acknowledges no required write.","let swap = fn(image) { dict.get(images, source(image)) |> result.unwrap(image) } case input {"
assert_ok_pattern,src/albedo/daemon/images.gleam,72,store_images,intentional invariant,split preserves the ToolOutput variant passed to it.,"use _ <- result.try(image_payloads.insert(db, blobs)) let assert types.ToolOutput(_, _, images) = stored Ok(images) }"
discarded_result,src/albedo/daemon/images.gleam,138,elide_evicted,best-effort operation,Rollback is secondary to the failed transaction; preserve the original error.,"Error(e) -> { let _ = sqlight.exec(""ROLLBACK"", db) Error(e) }"
thrown_away_error,src/albedo/daemon/images.gleam,212,elide_cell,intentional fallback,Undecodable legacy cell outcomes are left untouched; valid outcomes still require a successful write.,"Ok(elided) -> write(db, ""cells"", ""id"", sqlight.text(row.0), elided) Error(_) -> Ok(Nil) } })"
thrown_away_error,src/albedo/daemon/mail.gleam,121,decoder,intentional fallback,"Unknown persisted tags become decoder failures, rather than successful default values.",")) Error(_) -> decode.failure( Letter(id, recipient, sender, sender_name, Message, body, created_at),"
thrown_away_error,src/albedo/daemon/mail.gleam,366,is_webhook,intentional fallback,"The reviewed branch handles absence/invalid optional input, preserves a previously returned failure, or returns the existing boundary refusal shown in the expression; it acknowledges no required write.","Ok(#(header, _)) -> string.ends_with(header, webhook_close) Error(_) -> string.ends_with(text, webhook_close) } }"
thrown_away_error,src/albedo/daemon/mail.gleam,406,send,intentional fallback,The letter is durable before delivery; failed immediate delivery returns pending and the dispatcher retries.,"Ok(False) -> ""delivered"" Error(_) -> ""pending"" } Ok(Receipt(letter.id, address.session, address.name, status))"
thrown_away_error,src/albedo/daemon/mail.gleam,418,deliver,intentional fallback,Failed immediate delivery wakes the retry dispatcher and returns the same failure to its caller.,Ok(_) -> Nil Error(_) -> waiting() } delivered
thrown_away_error,src/albedo/daemon/projection.gleam,222,reject_chat_semantics,intentional fallback,No unsupported portable semantic field means projection validation can continue.,"decode.failure(Nil, ""known portable assistant field, got "" <> name) Error(_) -> decode.success(Nil) } }"
unwrap_used,src/albedo/daemon/quota.gleam,65,load_settings,intentional fallback,Quota settings use clamped defaults when optional settings cannot be decoded.,"settings.load(""quota"", decoder, default_settings) |> result.unwrap(default_settings) |> clamped }"
unwrap_used,src/albedo/daemon/quota.gleam,160,profile_targets,intentional fallback,Unavailable optional provider configuration contributes no quota polling targets.,configuration.providers(home) |> result.unwrap([]) |> list.filter_map(fn(profile) { case profile.extension {
discarded_result,src/albedo/daemon/quota.gleam,272,start,best-effort operation,"The expression returns a timer/monitor/process handle, not a Result. The message or process remains active without retaining the handle.","label(""albedo_quota"", home) let _ = process.send_after(self, 0, Tick) Ok( actor.initialised(State("
discarded_result,src/albedo/daemon/quota.gleam,334,enumerate_now,best-effort operation,"The expression returns a timer/monitor/process handle, not a Result. The message or process remains active without retaining the handle.","}) let _ = process.monitor(pid) State(..state, enumerating: Some(pid)) }"
thrown_away_error,src/albedo/daemon/quota.gleam,346,merged,intentional fallback,"The reviewed branch handles absence/invalid optional input, preserves a previously returned failure, or returns the existing boundary refusal shown in the expression; it acknowledges no required write.","Ok(existing) -> Account(..existing, target: target) Error(_) -> Account(key, target, now, 0, None) } dict.insert(accounts, key, account)"
discarded_result,src/albedo/daemon/quota.gleam,373,start_due,best-effort operation,"The expression returns a timer/monitor/process handle, not a Result. The message or process remains active without retaining the handle.","}) let _ = process.monitor(pid) State( ..state,"
thrown_away_error,src/albedo/daemon/quota.gleam,404,finished,intentional fallback,A stale polling result for a removed quota account leaves state unchanged.,"case dict.get(state.accounts, key) { Error(_) -> state Ok(account) -> { let failures = case failed {"
thrown_away_error,src/albedo/daemon/quota.gleam,438,fell,intentional fallback,An unrelated process-down notice leaves quota state unchanged.,"{ Error(_) -> state Ok(#(key, _)) -> finished(state, key, True, False) }"
discarded_result,src/albedo/daemon/quota.gleam,450,retick,best-effort operation,"The expression returns a timer/monitor/process handle, not a Result. The message or process remains active without retaining the handle.","False -> { let _ = process.send_after(state.self, tick_delay(state), Tick) actor.continue(State(..state, ticking: True)) }"
thrown_away_error,src/albedo/daemon/quota.gleam,762,page_json,intentional fallback,"The reviewed branch handles absence/invalid optional input, preserves a previously returned failure, or returns the existing boundary refusal shown in the expression; it acknowledges no required write.","False, Ok(last) -> Some(last.id) False, Error(_) -> None } Ok("
unwrap_used,src/albedo/daemon/requests.gleam,370,page,intentional fallback,"The default supplies an absent optional field, empty collection, display value, or initial accumulator shown in the reviewed expression; it acknowledges no required write.","|> result.map(fn(row) { row.id }) |> result.unwrap(after) Ok(#(rows, next)) })"
thrown_away_error,src/albedo/daemon/requests.gleam,522,marks_decoder,intentional fallback,"Invalid persisted marks become a decoder failure, rather than a successful empty result.","Ok(marks) -> decode.success(marks) Error(_) -> decode.failure([], ""stored cache marks"") } }"
thrown_away_error,src/albedo/daemon/server.gleam,281,serve,intentional fallback,"The reviewed branch handles absence/invalid optional input, preserves a previously returned failure, or returns the existing boundary refusal shown in the expression; it acknowledges no required write.","Ok(info) -> actor.continue(holding(state, info.id, #(info, None))) Error(_) -> actor.continue(state) } }"
thrown_away_error,src/albedo/daemon/server.gleam,314,serve,intentional fallback,"The reviewed branch handles absence/invalid optional input, preserves a previously returned failure, or returns the existing boundary refusal shown in the expression; it acknowledges no required write.","} Ok(_), Error(_) -> #(state, Error(""session not found"")) Error(error), _ -> #(state, Error(error)) }"
unwrap_used,src/albedo/daemon/server.gleam,323,serve,intentional fallback,"The default supplies an absent optional field, empty collection, display value, or initial accumulator shown in the reviewed expression; it acknowledges no required write.","let children = family.descendants(db) |> result.unwrap([]) |> set.from_list process.send( reply,"
unwrap_used,src/albedo/daemon/server.gleam,327,serve,intentional fallback,"The default supplies an absent optional field, empty collection, display value, or initial accumulator shown in the reviewed expression; it acknowledges no required write.","conversation.list(db) |> result.unwrap([]) |> list.filter(fn(info) { !set.contains(children, info.id) }), )"
thrown_away_error,src/albedo/daemon/server.gleam,364,serve,intentional fallback,"The reviewed branch handles absence/invalid optional input, preserves a previously returned failure, or returns the existing boundary refusal shown in the expression; it acknowledges no required write.","Ok(info) -> actor.continue(holding(state, info.id, #(info, None))) Error(_) -> actor.continue(state) } }"
unwrap_used,src/albedo/daemon/server.gleam,369,serve,fix,Propagate failed child lookups before attempting parent deletion.,"let children = family.children(runtime.ledger(state.host), id) |> result.unwrap([]) let deleted = case dict.get(state.sessions, id), children { Error(_), _ -> Error(""session not found"")"
thrown_away_error,src/albedo/daemon/server.gleam,401,serve,intentional fallback,"The reviewed branch handles absence/invalid optional input, preserves a previously returned failure, or returns the existing boundary refusal shown in the expression; it acknowledges no required write.",} Error(_) -> actor.continue(state) } }
unwrap_used,src/albedo/daemon/server.gleam,416,serve,intentional fallback,"The default supplies an absent optional field, empty collection, display value, or initial accumulator shown in the reviewed expression; it acknowledges no required write.","Ok(#(info, worker)) -> { let member = family.get(db, id) |> result.unwrap(None) bus.renamed(id, agent_name(db, info, member)) actor.continue(holding(state, id, #(info, worker)))"
thrown_away_error,src/albedo/daemon/server.gleam,420,serve,intentional fallback,"The reviewed branch handles absence/invalid optional input, preserves a previously returned failure, or returns the existing boundary refusal shown in the expression; it acknowledges no required write.",} Error(_) -> actor.continue(state) } }
thrown_away_error,src/albedo/daemon/server.gleam,442,serve,intentional fallback,"The reviewed branch handles absence/invalid optional input, preserves a previously returned failure, or returns the existing boundary refusal shown in the expression; it acknowledges no required write.","case entry { Error(_) -> actor.continue(state) Ok(#(previous, _)) -> { // It cannot announce that it stopped; say so for it."
unwrap_used,src/albedo/daemon/server.gleam,451,serve,intentional fallback,"The default supplies an absent optional field, empty collection, display value, or initial accumulator shown in the reviewed expression; it acknowledges no required write.","|> result.try(list.find(_, fn(info) { info.id == previous.id })) |> result.unwrap(previous) case session.start(state.host, info, state.config.home) { Ok(worker) -> {"
thrown_away_error,src/albedo/daemon/server.gleam,457,serve,fix,Log initialization failure while retaining the saved session for later activation.,"} Error(_) -> actor.continue(holding(state, info.id, #(info, None))) } }"
discarded_result,src/albedo/daemon/server.gleam,464,serve,best-effort operation,"The expression returns a timer/monitor/process handle, not a Result. The message or process remains active without retaining the handle.","ScheduleTick -> { let _ = process.send_after(state.self, state.config.tick_ms, ScheduleTick) case state.scheduling { Some(_) -> actor.continue(state)"
discarded_result,src/albedo/daemon/server.gleam,480,serve,best-effort operation,"The expression returns a timer/monitor/process handle, not a Result. The message or process remains active without retaining the handle.","let config = state.config let _ = process.spawn_unlinked(fn() { reap(workers, config) }) let _ = process.send_after(state.self, sweep_interval(state.config), Sweep)"
discarded_result,src/albedo/daemon/server.gleam,481,serve,best-effort operation,"The expression returns a timer/monitor/process handle, not a Result. The message or process remains active without retaining the handle.","let _ = process.spawn_unlinked(fn() { reap(workers, config) }) let _ = process.send_after(state.self, sweep_interval(state.config), Sweep) actor.continue(state)"
thrown_away_error,src/albedo/daemon/server.gleam,556,family_name,intentional fallback,"The reviewed branch handles absence/invalid optional input, preserves a previously returned failure, or returns the existing boundary refusal shown in the expression; it acknowledges no required write.","Ok(#(info, _)) -> info.title Error(_) -> ""parent"" } }"
thrown_away_error,src/albedo/daemon/server.gleam,608,prepare_storage,intentional fallback,"The reviewed branch handles absence/invalid optional input, preserves a previously returned failure, or returns the existing boundary refusal shown in the expression; it acknowledges no required write.","conversation.assign_provider(runtime.ledger(host), provider.name) Error(_) -> Ok(Nil) }) Ok(Nil)"
thrown_away_error,src/albedo/daemon/server.gleam,649,start_registry,fix,Log initialization failure while retaining the saved session for later activation.,"} Error(_) -> { io.println( ""session unavailable: """
discarded_result,src/albedo/daemon/server.gleam,664,start_registry,best-effort operation,"The expression returns a timer/monitor/process handle, not a Result. The message or process remains active without retaining the handle.","Open -> { let _ = process.send_after(self, sweep_interval(config), Sweep) let _ = process.send_after(self, config.tick_ms, ScheduleTick) // Letters left from before a restart go out now, not a tick later."
discarded_result,src/albedo/daemon/server.gleam,665,start_registry,best-effort operation,"The expression returns a timer/monitor/process handle, not a Result. The message or process remains active without retaining the handle.","let _ = process.send_after(self, sweep_interval(config), Sweep) let _ = process.send_after(self, config.tick_ms, ScheduleTick) // Letters left from before a restart go out now, not a tick later. process.send(self, MailWaiting)"
discarded_result,src/albedo/daemon/server.gleam,710,dispatch,best-effort operation,"The expression returns a timer/monitor/process handle, not a Result. The message or process remains active without retaining the handle.","}) let _ = process.monitor(worker) State(..state, scheduling: Some(worker), mail_waiting: False) }"
discarded_result,src/albedo/daemon/server.gleam,747,dispatch_mail,fix,Log a failed mail-failure write; the durable undelivered letter remains retryable.,"Error(reason) -> { let _ = mail.record_failure(db, letter.id, reason) Nil }"
thrown_away_error,src/albedo/daemon/server.gleam,761,dispatch_schedule,intentional fallback,"The reviewed branch handles absence/invalid optional input, preserves a previously returned failure, or returns the existing boundary refusal shown in the expression; it acknowledges no required write.","case actor.call(registry, 10_000, Lookup(job.session, _)) { Error(_) -> Nil Ok(worker) -> { let busy = bus.is_running(job.session)"
discarded_result,src/albedo/daemon/server.gleam,782,dispatch_schedule,fix,Log a failed schedule advance; retain the durable occurrence for the existing retry policy.,"True -> { let _ = schedule.advance(db, job, schedule.now()) Nil }"
thrown_away_error,src/albedo/daemon/server.gleam,796,activate,intentional fallback,"The reviewed branch handles absence/invalid optional input, preserves a previously returned failure, or returns the existing boundary refusal shown in the expression; it acknowledges no required write.","case dict.get(state.sessions, id) { Error(_) -> #(state, Error(""session not found"")) Ok(#(_, Some(worker))) -> #(state, Ok(worker)) Ok(#(info, None)) ->"
error_context_lost,src/albedo/daemon/server.gleam,804,activate,fix,Log the initializer failure while retaining the existing public startup error shape.,"session.start(state.host, info, state.config.home) |> result.map_error(fn(_) { Nil }) }) {"
thrown_away_error,src/albedo/daemon/server.gleam,807,activate,intentional fallback,"The reviewed branch handles absence/invalid optional input, preserves a previously returned failure, or returns the existing boundary refusal shown in the expression; it acknowledges no required write.","{ Error(_) -> #(state, Error(""session could not start"")) Ok(worker) -> { watch(worker)"
unwrap_used,src/albedo/daemon/server.gleam,845,reap,intentional fallback,A stale or missing worker report is skipped; reaping does not acknowledge a durable write.,"report.jobs, list.key_find(usage, pid) |> result.unwrap(0), ) })"
discarded_result,src/albedo/daemon/server.gleam,856,reap,best-effort operation,Release/eviction/interruption returns a status Bool used only for opportunistic resource cleanup.,Ok(worker) -> { let _ = session.release(worker) Nil }
thrown_away_error,src/albedo/daemon/server.gleam,859,reap,intentional fallback,A stale or missing worker report is skipped; reaping does not acknowledge a durable write.,} Error(_) -> Nil } })
discarded_result,src/albedo/daemon/server.gleam,871,reap,best-effort operation,Release/eviction/interruption returns a status Bool used only for opportunistic resource cleanup.,True -> { let _ = session.evict_history(worker) Nil }
thrown_away_error,src/albedo/daemon/server.gleam,905,delete_tree,intentional fallback,"The reviewed branch handles absence/invalid optional input, preserves a previously returned failure, or returns the existing boundary refusal shown in the expression; it acknowledges no required write.","Ok(worker) -> stop_run(worker, session_id, 50) Error(_) -> Nil } actor.call(registry, 40_000, DeleteSession(session_id, _))"
unwrap_used,src/albedo/daemon/server.gleam,926,subtree,fix,Propagate subtree query failures before starting the deletion walk.,"family.children(db, id) |> result.unwrap([]) |> list.flat_map(fn(child) { subtree(db, child.session, budget - 1) }) }"
thrown_away_error,src/albedo/daemon/server.gleam,998,child_model,intentional fallback,"The reviewed branch handles absence/invalid optional input, preserves a previously returned failure, or returns the existing boundary refusal shown in the expression; it acknowledges no required write.","} Error(_) -> { use current <- result.try(configuration.named( state.config.home,"
thrown_away_error,src/albedo/daemon/server.gleam,1046,create_child,intentional fallback,"The reviewed branch handles absence/invalid optional input, preserves a previously returned failure, or returns the existing boundary refusal shown in the expression; it acknowledges no required write.","Ok(row) -> conversation.Info(..cached, cwd: row.cwd) Error(_) -> cached } use _ <- result.try(family.valid_name(name))"
discarded_result,src/albedo/daemon/server.gleam,1077,create_child,best-effort operation,Deleting a failed child creation is cleanup; preserve the family-link failure.,"Error(error) -> { let _ = conversation.delete(db, info.id) Error(error) }"
thrown_away_error,src/albedo/daemon/server.gleam,1109,create_child,intentional fallback,"The reviewed branch handles absence/invalid optional input, preserves a previously returned failure, or returns the existing boundary refusal shown in the expression; it acknowledges no required write.",} Error(_) -> Ok(Nil) } }
discarded_result,src/albedo/daemon/server.gleam,1159,agent_op,best-effort operation,"The expression returns a timer/monitor/process handle, not a Result. The message or process remains active without retaining the handle.",process.spawn_unlinked(fn() { let _ = session.interrupt(active) session.release(active) })
thrown_away_error,src/albedo/daemon/server.gleam,1169,agent_op,intentional fallback,"The reviewed branch handles absence/invalid optional input, preserves a previously returned failure, or returns the existing boundary refusal shown in the expression; it acknowledges no required write.","Ok(_) -> bus.closed(id) Error(_) -> Nil } #(state, closed |> result.replace(json.bool(True)))"
thrown_away_error,src/albedo/daemon/server.gleam,1175,agent_op,intentional fallback,"The reviewed branch handles absence/invalid optional input, preserves a previously returned failure, or returns the existing boundary refusal shown in the expression; it acknowledges no required write.","let listed = case dict.get(state.sessions, id) { Error(_) -> [] Ok(#(info, _)) -> { let profiles ="
unwrap_used,src/albedo/daemon/server.gleam,1179,agent_op,intentional fallback,"The default supplies an absent optional field, empty collection, display value, or initial accumulator shown in the reviewed expression; it acknowledges no required write.","configuration.providers(state.config.home) |> result.unwrap([]) let #(same, other) = list.partition(profiles, fn(profile) {"
thrown_away_error,src/albedo/daemon/server.gleam,1226,descendants,intentional fallback,The orchestrator view uses cached rows and omits unavailable child branches.,"case dict.get(state.sessions, id) { Error(_) -> [] Ok(#(cached, worker)) -> { // The cache keeps the title a session started with; its row has the"
unwrap_used,src/albedo/daemon/server.gleam,1230,descendants,intentional fallback,The orchestrator view uses cached rows and omits unavailable child branches.,"// latest message's title or the name it was given. let info = conversation.get(db, id) |> result.unwrap(cached) let running = case worker { Some(_) -> bus.is_running(id)"
unwrap_used,src/albedo/daemon/server.gleam,1237,descendants,intentional fallback,The orchestrator view uses cached rows and omits unavailable child branches.,"family.children(db, id) |> result.unwrap([]) |> list.flat_map(fn(child) { descendants(state, db, child.session, Some(child))"
unwrap_used,src/albedo/daemon/server.gleam,1257,move_descendants,intentional fallback,The parent workspace change is durable first; descendants follow opportunistically when available.,"family.children(runtime.ledger(state.host), id) |> result.unwrap([]) |> list.fold(#(state, live), fn(acc, child) { let #(state, live) = acc"
thrown_away_error,src/albedo/daemon/server.gleam,1261,move_descendants,intentional fallback,The parent workspace change is durable first; descendants follow opportunistically when available.,"let acc = case dict.get(state.sessions, child.session) { Error(_) -> acc Ok(#(cached, worker)) -> case option.or(worker, session.live(child.session)) {"
unwrap_used,src/albedo/daemon/server.gleam,1280,move_row,intentional fallback,Cached workspace information is a fallback for a descendant follow notification.,"let db = runtime.ledger(state.host) let info = conversation.get(db, cached.id) |> result.unwrap(cached) case info.cwd == from"
unwrap_used,src/albedo/daemon/server.gleam,1300,agent_name,intentional fallback,"The default supplies an absent optional field, empty collection, display value, or initial accumulator shown in the reviewed expression; it acknowledges no required write.","Some(member) -> conversation.given_name(db, info.id) |> option.unwrap(member.name) } }"
thrown_away_error,src/albedo/daemon/server.gleam,1353,agents_stream,intentional fallback,"The reviewed branch handles absence/invalid optional input, preserves a previously returned failure, or returns the existing boundary refusal shown in the expression; it acknowledges no required write.","bus.subscribe(owner, fn(event) { process.send(self, Heard(event)) }) Error(_) -> Nil } process.send(self, Flush)"
discarded_result,src/albedo/daemon/server.gleam,1369,agents_stream,best-effort operation,"The expression returns a timer/monitor/process handle, not a Result. The message or process remains active without retaining the handle.","Flush -> { let _ = process.send_after(self, 100, Flush) case buffered, quiet >= 50 { [], False -> actor.continue(#(self, [], 0, quiet + 1))"
thrown_away_error,src/albedo/daemon/server.gleam,1379,agents_stream,intentional fallback,"The reviewed branch handles absence/invalid optional input, preserves a previously returned failure, or returns the existing boundary refusal shown in the expression; it acknowledges no required write.","case mist.send_event(connection, mist.event(body)) { Error(_) -> actor.stop() Ok(_) -> actor.continue(#(self, [], 0, 0)) }"
unwrap_used,src/albedo/daemon/server.gleam,1431,listed_model_json,intentional fallback,"The default supplies an absent optional field, empty collection, display value, or initial accumulator shown in the reviewed expression; it acknowledges no required write.","|> option.map(fn(info) { info.input_modalities }) |> option.unwrap([]) |> json.array(json.string), ),"
unwrap_used,src/albedo/daemon/server.gleam,1511,browsed,intentional fallback,"The default supplies an absent optional field, empty collection, display value, or initial accumulator shown in the reviewed expression; it acknowledges no required write.",") -> response.Response(mist.ResponseData) { let path = query(req) |> list.key_find(""path"") |> result.unwrap("""") case view(path) { Ok(value) -> reply(200, value)"
unwrap_used,src/albedo/daemon/server.gleam,1525,query,intentional fallback,"The default supplies an absent optional field, empty collection, display value, or initial accumulator shown in the reviewed expression; it acknowledges no required write.","fn query(req) -> List(#(String, String)) { request.get_query(req) |> result.unwrap([]) } "
unwrap_used,src/albedo/daemon/server.gleam,1538,query_int,intentional fallback,"The default supplies an absent optional field, empty collection, display value, or initial accumulator shown in the reviewed expression; it acknowledges no required write.","fn query_int(req, key: String, default: Int) -> Int { query_optional_int(req, key) |> option.unwrap(default) } "
unwrap_used,src/albedo/daemon/server.gleam,1709,uri_decode,intentional fallback,"The default supplies an absent optional field, empty collection, display value, or initial accumulator shown in the reviewed expression; it acknowledges no required write.",fn uri_decode(segment: String) -> String { uri.percent_decode(segment) |> result.unwrap(segment) } 
thrown_away_error,src/albedo/daemon/server.gleam,1727,route,intentional fallback,"The reviewed branch handles absence/invalid optional input, preserves a previously returned failure, or returns the existing boundary refusal shown in the expression; it acknowledges no required write.","Ok(response) -> response Error(_) -> error(503, ""daemon request process is unavailable"") } }"
discarded_result,src/albedo/daemon/server.gleam,1759,handle_request,best-effort operation,The forbidden HTTP request is refused regardless of failure to drain its body.,"Ok(_) -> { let _ = mist.read_body(req, 9_200_000) error(403, ""forbidden"") }"
thrown_away_error,src/albedo/daemon/server.gleam,1764,handle_request,intentional fallback,"The reviewed branch handles absence/invalid optional input, preserves a previously returned failure, or returns the existing boundary refusal shown in the expression; it acknowledges no required write.","// from the live connection itself. Error(_) -> service.handle(daemon(config, registry, host), rest, req) }"
thrown_away_error,src/albedo/daemon/server.gleam,1767,handle_request,intentional fallback,"The reviewed branch handles absence/invalid optional input, preserves a previously returned failure, or returns the existing boundary refusal shown in the expression; it acknowledges no required write.","} Error(_) -> routed(config, registry, req) } }"
unwrap_used,src/albedo/daemon/server.gleam,1934,daemon_route,intentional fallback,"The default supplies an absent optional field, empty collection, display value, or initial accumulator shown in the reviewed expression; it acknowledges no required write.","Get, [""agents""] -> { let id = query(req) |> list.key_find(""session"") |> result.unwrap("""") actor.call(registry, 10_000, ReadAgents(id, _)) |> answered("
unwrap_used,src/albedo/daemon/server.gleam,1961,daemon_route,intentional fallback,"The default supplies an absent optional field, empty collection, display value, or initial accumulator shown in the reviewed expression; it acknowledges no required write.","database, int.parse(cursor) |> result.unwrap(0), query_int(req, ""limit"", 50) |> int.clamp(1, 200), )"
thrown_away_error,src/albedo/daemon/server.gleam,1965,daemon_route,intentional fallback,"The reviewed branch handles absence/invalid optional input, preserves a previously returned failure, or returns the existing boundary refusal shown in the expression; it acknowledges no required write.","|> answered(200, fn(value) { value }, 400) Error(_) -> quota.latest_json(database) |> answered(200, fn(value) { value }, 400)"
unwrap_used,src/albedo/daemon/server.gleam,1976,daemon_route,intentional fallback,"The default supplies an absent optional field, empty collection, display value, or initial accumulator shown in the reviewed expression; it acknowledges no required write.","let asked = fn(key) { parameters |> list.key_find(key) |> result.unwrap("""") } case asked(""extension""), asked(""host""), asked(""model"") {"
unwrap_used,src/albedo/daemon/server.gleam,2001,daemon_route,intentional fallback,"The default supplies an absent optional field, empty collection, display value, or initial accumulator shown in the reviewed expression; it acknowledges no required write.","list.key_find(query, ""endpoint"") |> result.unwrap("""") |> extension.clean_endpoint use host <- with_host(registry)"
thrown_away_error,src/albedo/daemon/server.gleam,2013,daemon_route,intentional fallback,"The reviewed branch handles absence/invalid optional input, preserves a previously returned failure, or returns the existing boundary refusal shown in the expression; it acknowledges no required write.",") Error(_) -> reply( 200,"
discarded_result,src/albedo/daemon/server.gleam,2044,daemon_route,best-effort operation,"The expression returns a timer/monitor/process handle, not a Result. The message or process remains active without retaining the handle.","Post, [""shutdown""] -> { let _ = process.send_after(registry, 100, Shutdown) reply(200, acknowledged([])) }"
thrown_away_error,src/albedo/daemon/server.gleam,2392,when_running,intentional fallback,"The reviewed branch handles absence/invalid optional input, preserves a previously returned failure, or returns the existing boundary refusal shown in the expression; it acknowledges no required write.",} Error(_) -> actor.stop() } }
thrown_away_error,src/albedo/daemon/server.gleam,2413,stream,intentional fallback,Rotation preserves the primary provider error when marking/rotating fails; proxy disconnects stop the stream.,"session.watch(worker, owner, fn() { process.send(self, Wake) }) Error(_) -> Nil } process.send(self, Tick)"
thrown_away_error,src/albedo/daemon/server.gleam,2436,stream,intentional fallback,Rotation preserves the primary provider error when marking/rotating fails; proxy disconnects stop the stream.,"case mist.send_event(connection, mist.event(events)) { Error(_) -> actor.stop() Ok(_) -> { case message {"
discarded_result,src/albedo/daemon/server.gleam,2440,stream,best-effort operation,"The expression returns a timer/monitor/process handle, not a Result. The message or process remains active without retaining the handle.","Tick -> { let _ = process.send_after(state.0, 1000, Tick) Nil }"
thrown_away_error,src/albedo/daemon/server.gleam,2481,setting,intentional fallback,"The reviewed branch handles absence/invalid optional input, preserves a previously returned failure, or returns the existing boundary refusal shown in the expression; it acknowledges no required write.","Ok(value) -> int.clamp(value, low, high) Error(_) -> fallback } }"
discarded_result,src/albedo/daemon/server.gleam,2506,claim_home,best-effort operation,Closing a failed optional read connection preserves its opening failure.,Error(_) -> { let _ = sqlight.close(connection) Error(Nil) }
discarded_result,src/albedo/daemon/server.gleam,2536,watch,best-effort operation,"The expression returns a timer/monitor/process handle, not a Result. The message or process remains active without retaining the handle.",Ok(pid) -> { let _ = process.monitor(pid) Nil }
thrown_away_error,src/albedo/daemon/server.gleam,2539,watch,intentional fallback,"The reviewed branch handles absence/invalid optional input, preserves a previously returned failure, or returns the existing boundary refusal shown in the expression; it acknowledges no required write.",} Error(_) -> Nil } }
discarded_result,src/albedo/daemon/session.gleam,210,start,fix,Abort session initialization when saving the default effort fails; publish no unsaved effort.,"Some(def) -> { let _ = conversation.set_effort(runtime.ledger(host), info.id, Some(def)) conversation.Info(..info, effort: Some(def))"
discarded_result,src/albedo/daemon/session.gleam,515,handle,best-effort operation,"The expression returns a timer/monitor/process handle, not a Result. The message or process remains active without retaining the handle.","interrupt_kernel(state) let _ = process.send_after(state.self, 2500, Abort(run.id)) answer( session_state.State(..state, activity: turn.cancel(state.activity)),"
unwrap_used,src/albedo/daemon/session.gleam,538,handle,intentional fallback,No matching RPC route returns the existing unavailable response.,"Follow(from, to, reply) -> case option.unwrap(state.following, state.info.cwd) == from { False -> state True -> settle(session_state.State(..state, following: Some(to)))"
thrown_away_error,src/albedo/daemon/session.gleam,616,handle,intentional fallback,No matching RPC route returns the existing unavailable response.,"Ok(events) -> answer(state, reply, Page(state.sequence, False, events)) Error(_) if tail != None -> { let rows = option.unwrap(tail, 0) let events = case"
unwrap_used,src/albedo/daemon/session.gleam,617,handle,intentional fallback,No matching RPC route returns the existing unavailable response.,"Error(_) if tail != None -> { let rows = option.unwrap(tail, 0) let events = case conversation.load_tail("
thrown_away_error,src/albedo/daemon/session.gleam,637,handle,intentional fallback,No matching RPC route returns the existing unavailable response.,} Error(_) -> case session_history.ensure_history(state) { Error(error) ->
unwrap_used,src/albedo/daemon/session.gleam,642,handle,intentional fallback,No matching RPC route returns the existing unavailable response.,Ok(state) -> { let history = state.history |> option.unwrap([]) |> list.reverse // A reset renders the transcript once for the client; keeping it // afterwards would hold every attached session's conversation in
thrown_away_error,src/albedo/daemon/session.gleam,697,handle,intentional fallback,No matching RPC route returns the existing unavailable response.,") Error(_) -> answer(state, reply, written) } }"
unwrap_used,src/albedo/daemon/session.gleam,717,handle,intentional fallback,No matching RPC route returns the existing unavailable response.,"let #(origin, body) = note.parse(fit.note) |> option.unwrap(#(""note"", fit.note)) session_state.emit( state,"
thrown_away_error,src/albedo/daemon/session.gleam,869,handle,intentional fallback,No matching RPC route returns the existing unavailable response.,") Error(_) -> answer(state, reply, written) } }"
discarded_result,src/albedo/daemon/session.gleam,968,handle,best-effort operation,Bounded namespace saving during teardown is best effort; release closes the kernel and makes no durable-save promise.,"Some(kernel) -> { let _ = session_namespace.save_state_within( state.home,"
thrown_away_error,src/albedo/daemon/session.gleam,1128,owner_alive,intentional fallback,"The reviewed branch handles absence/invalid optional input, preserves a previously returned failure, or returns the existing boundary refusal shown in the expression; it acknowledges no required write.",Ok(pid) -> process.is_alive(pid) Error(_) -> False } }
thrown_away_error,src/albedo/daemon/session.gleam,1140,live,intentional fallback,"The reviewed branch handles absence/invalid optional input, preserves a previously returned failure, or returns the existing boundary refusal shown in the expression; it acknowledges no required write.",} Error(_) -> None } }
unwrap_used,src/albedo/daemon/session.gleam,1247,adopt,intentional fallback,History loading is attempted before adopting the kernel; later required history operations still return failures.,session_history.ensure_history(state) |> result.unwrap(state) |> session_namespace.adopt(kernel) }
thrown_away_error,src/albedo/daemon/session.gleam,1261,kernel_opened,intentional fallback,Late boot results with no waiter do not alter state; active failed boots follow the existing retry/refusal path.,"} None, Error(_) -> state Some(#(attempts, parked)), Error(python.Lost) if attempts < 2 -> { runtime.reset_session(state.host, state.info.id)"
thrown_away_error,src/albedo/daemon/session.gleam,1344,answer_parent,intentional fallback,This is automatic best-effort unreviewed forwarding; explicit mail writes return their errors.,"case owed { Error(_) -> state Ok(member) -> { let #(state, words) = last_words(state)"
thrown_away_error,src/albedo/daemon/session.gleam,1382,last_words,intentional fallback,Automatic unreviewed mail uses a no-text placeholder when there is no readable final assistant text.,"case session_history.ensure_history(state) { Error(_) -> #(state, None) Ok(state) -> #( state,"
unwrap_used,src/albedo/daemon/session.gleam,1385,last_words,intentional fallback,Automatic unreviewed mail uses a no-text placeholder when there is no readable final assistant text.,"state, option.unwrap(state.history, []) |> list.find_map(fn(entry) { view.visible_assistant_text(entry.input) |> option.to_result(Nil)"
thrown_away_error,src/albedo/daemon/session.gleam,1420,refused_image,intentional fallback,Provider resolution failures are returned by the required turn-start path; preview refusal is optional.,"// Without a provider the turn is refused on its own when it starts. Error(_) -> #(state, None) Ok(#(state, client)) -> #( state,"
thrown_away_error,src/albedo/daemon/session.gleam,1574,select_strategy,intentional fallback,"The reviewed branch handles absence/invalid optional input, preserves a previously returned failure, or returns the existing boundary refusal shown in the expression; it acknowledges no required write.","} Error(_) -> #( state, Error("
thrown_away_error,src/albedo/daemon/session.gleam,1791,rewarmed,intentional fallback,Optional background warming failures do not change the last recorded foreground usage.,) Error(_) -> state } }
thrown_away_error,src/albedo/daemon/session_extensions.gleam,74,change,intentional fallback,"The reviewed branch handles absence/invalid optional input, preserves a previously returned failure, or returns the existing boundary refusal shown in the expression; it acknowledges no required write.","_, Ok(saved) -> session_namespace.restored_text(saved) _, Error(_) -> ""python namespace reset; unsaved variables were lost"" } let state = with_kernel(state, kernel)"
thrown_away_error,src/albedo/daemon/session_history.gleam,155,mark_committed,intentional fallback,A missing last-sequence notification does not alter the already durable commit.,"Ok(seq) -> session_state.emit(state, view.committed(seq)) Error(_) -> state } }"
thrown_away_error,src/albedo/daemon/session_prompt.gleam,31,reset_prompt_cache,intentional fallback,A failed durable pin release keeps the pin and the returned failure; it does not pretend to release it.,Ok(_) -> loop.Unpinned Error(_) -> state.pin } let state =
unwrap_used,src/albedo/daemon/session_prompt.gleam,161,pin_changed_prompt,intentional fallback,"The default supplies an absent optional field, empty collection, display value, or initial accumulator shown in the reviewed expression; it acknowledges no required write.","} let baseline = option.unwrap(head, 0) let update = note.wrap("
unwrap_used,src/albedo/daemon/session_provider.gleam,67,profile_endpoint,intentional fallback,"The default supplies an absent optional field, empty collection, display value, or initial accumulator shown in the reviewed expression; it acknowledges no required write.",") |> result.unwrap("""") |> extension.clean_endpoint }"
discarded_result,src/albedo/daemon/session_run.gleam,175,report,best-effort operation,These bounded context/pin/sent bookkeeping calls are intentionally fire-and-forget after a stall; required worker commits use confirm.,"fn report(owner: Subject(message), make: fn(Subject(Nil)) -> message) -> Nil { let _ = try_call(owner, 5000, make) Nil }"
discarded_result,src/albedo/daemon/store.gleam,26,start,best-effort operation,Close after failed schema setup preserves the startup error.,Error(error) -> { let _ = sqlight.close(db) Error(error) }
discarded_result,src/albedo/daemon/store.gleam,41,start,best-effort operation,Closing stops the store actor and releases its process-owned connection; there is no remaining caller operation to commit.,"Close(reply) -> { let _ = sqlight.close(db) process.send(reply, Nil) actor.stop()"
assert_ok_pattern,src/albedo/daemon/store.gleam,53,owner,intentional invariant,start creates this opaque subject in its store actor; an unavailable owner is a lifecycle violation.,let Store(subject) = store let assert Ok(pid) = process.subject_owner(subject) pid }
discarded_result,src/albedo/daemon/store.gleam,133,transaction,best-effort operation,Rollback is secondary to the failed transaction; preserve the original error.,"Error(error) -> { let _ = sqlight.exec(""ROLLBACK"", db) Error(error) }"
discarded_result,src/albedo/daemon/turn.gleam,83,raise,best-effort operation,"The Erlang atomics put updates the cancellation latch and returns its acknowledgment, not a fallible Result.","pub fn raise(latch: Latch) -> Nil { let _ = put(latch, 1, 1) Nil }"
assert_ok_pattern,src/albedo/harness/cache_ttl.gleam,109,merge_layers,intentional invariant,albedo_cache_ttl invokes validate_layer before caching and merging entries; it checks each id.,"list.map(layer.1, fn(fields) { let assert Ok(value) = dict.get(fields, ""id"") let assert Ok(id) = decode.run(value, decode.string) #(id, dict.insert(fields, ""layer"", dynamic.string(layer.0)))"
assert_ok_pattern,src/albedo/harness/cache_ttl.gleam,110,merge_layers,intentional invariant,validate_layer checks that every retained id is a string before native merging.,"let assert Ok(value) = dict.get(fields, ""id"") let assert Ok(id) = decode.run(value, decode.string) #(id, dict.insert(fields, ""layer"", dynamic.string(layer.0))) })"
thrown_away_error,src/albedo/harness/cache_ttl.gleam,126,merge_layers,intentional fallback,"The reviewed branch handles absence/invalid optional input, preserves a previously returned failure, or returns the existing boundary refusal shown in the expression; it acknowledges no required write.","Ok(fields) -> #(dict.delete(replacements, id), #(id, fields)) Error(_) -> #(replacements, entry) } },"
thrown_away_error,src/albedo/harness/cache_ttl.gleam,183,for_call,intentional fallback,No matching optional cache-TTL rule leaves the caller using its existing prior.,"Ok(configured) -> configured.extension Error(_) -> """" } let host = case uri.parse(endpoint) {"
thrown_away_error,src/albedo/harness/cache_ttl.gleam,264,validate_layer,intentional fallback,Malformed cache-TTL entries are counted and skipped; duplicate ids still fail the layer.,"case decode.run(raw, fields_decoder) { Error(_) -> { Ok(#(state.0, state.1, state.2 + 1)) }"
thrown_away_error,src/albedo/harness/cache_ttl.gleam,274,validate_layer,intentional fallback,Malformed cache-TTL entries are counted and skipped; duplicate ids still fail the layer.,"{ Error(_) -> { Ok(#(state.0, state.1, state.2 + 1)) }"
thrown_away_error,src/albedo/harness/capabilities.gleam,115,section,intentional fallback,"The reviewed branch handles absence/invalid optional input, preserves a previously returned failure, or returns the existing boundary refusal shown in the expression; it acknowledges no required write.","case dict.get(fields, key) { Error(_) -> Ok(dict.new()) Ok(value) -> object(value) |> result.replace_error(""invalid settings section"")"
thrown_away_error,src/albedo/harness/command.gleam,122,method_name,intentional fallback,"The reviewed branch handles absence/invalid optional input, preserves a previously returned failure, or returns the existing boundary refusal shown in the expression; it acknowledges no required write.","case string.first(mangled) { Error(_) -> ""command"" Ok(char) -> case string.contains(digits, char) {"
thrown_away_error,src/albedo/harness/command.gleam,197,take_arguments,intentional fallback,"The reviewed branch handles absence/invalid optional input, preserves a previously returned failure, or returns the existing boundary refusal shown in the expression; it acknowledges no required write.","Ok(#(token, remainder)) -> #(string.trim(token), string.trim(remainder)) Error(_) -> #(string.trim(raw), """") } use taken <- result.try(take(argument, token, taken))"
unwrap_used,src/albedo/harness/command.gleam,356,method_for,intentional fallback,"The default supplies an absent optional field, empty collection, display value, or initial accumulator shown in the reviewed expression; it acknowledges no required write.","dict.get(methods, command.name) |> result.unwrap(method_name(command.name)) } "
thrown_away_error,src/albedo/harness/command.gleam,425,respond,intentional fallback,Malformed or unsupported command requests return the existing refusal response.,"Ok(_) -> rpc.refuse(""commands"", ""unknown commands operation"") Error(_) -> rpc.refuse(""invalid"", ""invalid commands host request"") } }"
unwrap_used,src/albedo/harness/command.gleam,484,decode_run,intentional fallback,Malformed command requests retain a decoder expectation instead of arbitrary request data.,"|> result.map(fn(error) { error.expected }) |> result.unwrap(""invalid commands run request"") }) }"
thrown_away_error,src/albedo/harness/extension.gleam,95,recover,intentional fallback,A failed optional recovery lookup uses the existing interrupted-call refusal rather than rerunning effects.,Ok(saved) -> saved Error(_) -> None } }
thrown_away_error,src/albedo/harness/extension.gleam,501,agreeable,intentional fallback,"The reviewed branch handles absence/invalid optional input, preserves a previously returned failure, or returns the existing boundary refusal shown in the expression; it acknowledges no required write.","Error(""the default selection does not enable "" <> missing) Error(_) -> Ok(Nil) }, )"
unwrap_used,src/albedo/harness/extension.gleam,594,select,intentional fallback,"The default supplies an absent optional field, empty collection, display value, or initial accumulator shown in the reviewed expression; it acknowledges no required write.","list.key_find(overrides, extension.name) |> result.unwrap(list.contains(defaults, extension.name)) }) let chosen = fn(extension: Extension) {"
unwrap_used,src/albedo/harness/extension.gleam,635,bool_section,intentional fallback,"The default supplies an absent optional field, empty collection, display value, or initial accumulator shown in the reviewed expression; it acknowledges no required write.","settings.load(section, decode.dict(decode.string, decode.bool), dict.new()) |> result.unwrap(dict.new()) } "
thrown_away_error,src/albedo/harness/extension.gleam,852,compaction_named,intentional fallback,"The reviewed branch handles absence/invalid optional input, preserves a previously returned failure, or returns the existing boundary refusal shown in the expression; it acknowledges no required write.",Ok(extension) -> is_compaction(extension) Error(_) -> False } }
thrown_away_error,src/albedo/harness/extension.gleam,975,validate_selection,intentional fallback,"The reviewed branch handles absence/invalid optional input, preserves a previously returned failure, or returns the existing boundary refusal shown in the expression; it acknowledges no required write.","Error(extension.name <> "" requires enabled extension "" <> missing) Error(_) -> Ok(Nil) } }),"
unwrap_used,src/albedo/harness/extension.gleam,1440,reload_catalogs,intentional fallback,"The default supplies an absent optional field, empty collection, display value, or initial accumulator shown in the reviewed expression; it acknowledges no required write.",") #(item.0, dict.get(received, item.0) |> result.unwrap(late)) }) }"
unwrap_used,src/albedo/harness/extension.gleam,1516,provider_model_names,intentional fallback,"The default supplies an absent optional field, empty collection, display value, or initial accumulator shown in the reviewed expression; it acknowledges no required write.",}) |> result.unwrap([]) } 
unwrap_used,src/albedo/harness/extensions/agents/extension.gleam,260,status_fields,intentional fallback,Optional agent status hints default to idle; they do not authorize actor operations.,"let running = case agents.call(agents.Running(session)) { Ok(value) -> read(value, decode.bool) |> result.unwrap(False) Error(_) -> False }"
thrown_away_error,src/albedo/harness/extensions/agents/extension.gleam,261,status_fields,intentional fallback,Optional agent status hints default to idle; they do not authorize actor operations.,"Ok(value) -> read(value, decode.bool) |> result.unwrap(False) Error(_) -> False } let closed ="
unwrap_used,src/albedo/harness/extensions/agents/extension.gleam,264,status_fields,intentional fallback,Optional agent status hints default to idle; they do not authorize actor operations.,"let closed = option.map(member, fn(member) { member.closed }) |> option.unwrap(False) list.append(handle_fields(db, session, member), [ #(""running"", json.bool(running)),"
unwrap_used,src/albedo/harness/extensions/agents/extension.gleam,275,found_json,intentional fallback,Search presentation omits unavailable optional family labels.,"let info = found.info let member = family.get(db, info.id) |> result.unwrap(None) json.object( list.append(status_fields(db, info.id, member), ["
thrown_away_error,src/albedo/harness/extensions/agents/sessions.gleam,69,find,intentional fallback,Search can match a session name without transcript hits; a nonmatch is excluded by filter_map.,"Ok(hits), _ -> Ok(Found(info, hits)) Error(_), True -> Ok(Found(info, [])) Error(_), False -> Error(Nil) }"
unwrap_used,src/albedo/harness/extensions/agents/sessions.gleam,99,hit_list,intentional fallback,"The default supplies an absent optional field, empty collection, display value, or initial accumulator shown in the reviewed expression; it acknowledges no required write.","fn hit_list(hits: Dict(String, List(Hit)), session: String) -> List(Hit) { dict.get(hits, session) |> result.unwrap([]) }"
unwrap_used,src/albedo/harness/extensions/alibaba/catalog.gleam,36,lookup,intentional fallback,An absent or invalid optional model catalog cannot establish capabilities; callers receive the existing fallback.,"let home = settings.home() let cached_ids = models(home, option.unwrap(at, """")) |> result.unwrap([]) let is_cached = list.contains(cached_ids, id) let is_ali_pattern ="
unwrap_used,src/albedo/harness/extensions/alibaba/catalog.gleam,36,lookup,intentional fallback,An absent or invalid optional model catalog cannot establish capabilities; callers receive the existing fallback.,"let home = settings.home() let cached_ids = models(home, option.unwrap(at, """")) |> result.unwrap([]) let is_cached = list.contains(cached_ids, id) let is_ali_pattern ="
unwrap_used,src/albedo/harness/extensions/alibaba/catalog.gleam,44,lookup,intentional fallback,An absent or invalid optional model catalog cannot establish capabilities; callers receive the existing fallback.," let target_endpoint = option.unwrap(at, default_base_url) let base = extension.ModelInfo("
unwrap_used,src/albedo/harness/extensions/alibaba/catalog.gleam,58,list_models,intentional fallback,Optional remote refresh failures retain the cached provider model list.,"""alibaba"" -> models(settings.home(), option.unwrap(endpoint, """")) |> result.unwrap([]) _ -> []"
unwrap_used,src/albedo/harness/extensions/alibaba/catalog.gleam,59,list_models,intentional fallback,Optional remote refresh failures retain the cached provider model list.,"models(settings.home(), option.unwrap(endpoint, """")) |> result.unwrap([]) _ -> [] }"
unwrap_used,src/albedo/harness/extensions/antigravity/catalog.gleam,114,discovered,intentional fallback,"The default supplies an absent optional field, empty collection, display value, or initial accumulator shown in the reviewed expression; it acknowledges no required write.","decode_discovered(home, decode.at([""models""], decode.list(entry))) |> result.unwrap([]) } "
unwrap_used,src/albedo/harness/extensions/antigravity/catalog.gleam,137,split_id,intentional fallback,"The default supplies an absent optional field, empty collection, display value, or initial accumulator shown in the reviewed expression; it acknowledges no required write.","}) |> result.unwrap(#(id, None)) } }"
thrown_away_error,src/albedo/harness/extensions/antigravity/catalog.gleam,202,resolve_variant,intentional fallback,Unknown provider variants retain existing fallback model hints and effort selection.,Ok(m) -> m Error(_) -> hint(ren) } _ -> {
unwrap_used,src/albedo/harness/extensions/antigravity/catalog.gleam,211,resolve_variant,intentional fallback,Unknown provider variants retain existing fallback model hints and effort selection.,"|> extension.default_effort |> option.unwrap(""medium"") } [Some(eff), Some(""medium""), Some(""high"")]"
unwrap_used,src/albedo/harness/extensions/antigravity/catalog.gleam,216,resolve_variant,intentional fallback,Unknown provider variants retain existing fallback model hints and effort selection.,|> result.lazy_or(fn() { list.first(variants) |> result.map(pair.second) }) |> result.unwrap(hint(ren)) } }
unwrap_used,src/albedo/harness/extensions/antigravity/catalog.gleam,229,renamed,intentional fallback,"The default supplies an absent optional field, empty collection, display value, or initial accumulator shown in the reviewed expression; it acknowledges no required write.","decode_discovered(home, decode.at([""renamed"", id], decode.string)) |> result.unwrap(id) } "
discarded_result,src/albedo/harness/extensions/antigravity/catalog.gleam,312,list_models,best-effort operation,Optional discovery reload keeps the existing cached/static model fallback when the reload fails.,[] -> { let _ = native_reload(home) Nil }
thrown_away_error,src/albedo/harness/extensions/antigravity/extension.gleam,197,explain,intentional fallback,"The reviewed branch handles absence/invalid optional input, preserves a previously returned failure, or returns the existing boundary refusal shown in the expression; it acknowledges no required write.","Ok(limit) -> Some(limit_message(account, limit)) Error(_) -> Some( ""Cloud Code Assist API error (429): """
thrown_away_error,src/albedo/harness/extensions/antigravity/extension.gleam,211,explain,intentional fallback,"The reviewed branch handles absence/invalid optional input, preserves a previously returned failure, or returns the existing boundary refusal shown in the expression; it acknowledges no required write.","<> "", then send your message again"" Error(_) -> ""Cloud Code Assist API error ("" <> int.to_string(status)"
assert_ok_pattern,src/albedo/harness/extensions/antigravity/schema.gleam,26,normalize,intentional invariant,The input is typed Json generated by the host; parsing its serialization is an internal invariant.,"pub fn normalize(input: Json) -> Json { let assert Ok(value) = json.parse(json.to_string(input), decode.dynamic) let root = object(value) |> result.unwrap(dict.new()) let definitions ="
unwrap_used,src/albedo/harness/extensions/antigravity/schema.gleam,27,normalize,intentional fallback,Unsupported or absent optional schema/catalog metadata uses its established normalization fallback.,"let assert Ok(value) = json.parse(json.to_string(input), decode.dynamic) let root = object(value) |> result.unwrap(dict.new()) let definitions = dict.merge(properties(root, ""definitions""), properties(root, ""$defs""))"
unwrap_used,src/albedo/harness/extensions/antigravity/schema.gleam,64,resolve,intentional fallback,Unsupported or absent schema hints use the provider normalization fallback.,"True -> { let name = string.split(reference, ""/"") |> list.last |> result.unwrap("""") let rest = dict.delete(node, ""$ref"") case dict.get(definitions, name) |> result.try(object) {"
thrown_away_error,src/albedo/harness/extensions/antigravity/schema.gleam,68,resolve,intentional fallback,Unsupported or absent schema hints use the provider normalization fallback.,"Ok(target) -> resolve(dict.merge(target, rest), definitions, depth + 1) Error(_) -> rest } }"
thrown_away_error,src/albedo/harness/extensions/antigravity/schema.gleam,140,finish,intentional fallback,Absent optional finish/refusal metadata retains existing protocol completion behavior.,"Ok(value) -> dict.insert(node, ""enum"", dynamic.list([value])) Error(_) -> node } let notes ="
thrown_away_error,src/albedo/harness/extensions/antigravity/schema.gleam,153,finish,intentional fallback,Absent optional finish/refusal metadata retains existing protocol completion behavior.,"case dict.get(acc, key) { Error(_) -> acc Ok(_) -> dict.insert("
thrown_away_error,src/albedo/harness/extensions/antigravity/schema.gleam,167,finish,intentional fallback,Absent optional finish/refusal metadata retains existing protocol completion behavior.,"let typed = case scalar_type(node) { Error(_) -> dict.delete(described, ""type"") Ok(kind) -> dict.insert(described, ""type"", dynamic.string(kind)) }"
thrown_away_error,src/albedo/harness/extensions/antigravity/schema.gleam,190,scalar_type,intentional fallback,"The reviewed branch handles absence/invalid optional input, preserves a previously returned failure, or returns the existing boundary refusal shown in the expression; it acknowledges no required write.","case decoded { Ok(""null"") | Error(_) -> case strings(node, ""type"")"
thrown_away_error,src/albedo/harness/extensions/antigravity/schema.gleam,197,scalar_type,intentional fallback,"The reviewed branch handles absence/invalid optional input, preserves a previously returned failure, or returns the existing boundary refusal shown in the expression; it acknowledges no required write.",Ok(kind) -> Ok(kind) Error(_) -> inferred } Ok(kind) -> Ok(kind)
unwrap_used,src/albedo/harness/extensions/antigravity/schema.gleam,211,normalize_enum,intentional fallback,"The default supplies an absent optional field, empty collection, display value, or initial accumulator shown in the reviewed expression; it acknowledges no required write.","decode.run(value, decode.string) |> result.unwrap(json.to_string(types.encode_value(value))) }) |> sorted_names"
unwrap_used,src/albedo/harness/extensions/antigravity/schema.gleam,230,children,intentional fallback,"The default supplies an absent optional field, empty collection, display value, or initial accumulator shown in the reviewed expression; it acknowledges no required write.","schema( object(value) |> result.unwrap(dict.new()), definitions, depth + 1,"
thrown_away_error,src/albedo/harness/extensions/antigravity/schema.gleam,253,children,intentional fallback,"The reviewed branch handles absence/invalid optional input, preserves a previously returned failure, or returns the existing boundary refusal shown in the expression; it acknowledges no required write.","let items = case dict.get(node, ""items"") { Error(_) -> dict.new() Ok(value) -> case object(value) {"
thrown_away_error,src/albedo/harness/extensions/antigravity/schema.gleam,257,children,intentional fallback,"The reviewed branch handles absence/invalid optional input, preserves a previously returned failure, or returns the existing boundary refusal shown in the expression; it acknowledges no required write.","Ok(items) -> items Error(_) -> decode.run(value, decode.list(decode.dynamic)) |> result.unwrap([])"
unwrap_used,src/albedo/harness/extensions/antigravity/schema.gleam,259,children,intentional fallback,"The default supplies an absent optional field, empty collection, display value, or initial accumulator shown in the reviewed expression; it acknowledges no required write.","decode.run(value, decode.list(decode.dynamic)) |> result.unwrap([]) |> list.filter_map(object) |> list.first"
unwrap_used,src/albedo/harness/extensions/antigravity/schema.gleam,262,children,intentional fallback,"The default supplies an absent optional field, empty collection, display value, or initial accumulator shown in the reviewed expression; it acknowledges no required write.",|> list.first |> result.unwrap(dict.new()) } }
thrown_away_error,src/albedo/harness/extensions/antigravity/schema.gleam,296,values,intentional fallback,"The reviewed branch handles absence/invalid optional input, preserves a previously returned failure, or returns the existing boundary refusal shown in the expression; it acknowledges no required write.","Ok(value) -> [value] Error(_) -> field(node, ""enum"", decode.list(decode.dynamic), []) } }"
unwrap_used,src/albedo/harness/extensions/antigravity/schema.gleam,336,field,intentional fallback,Optional presentation fields use the supplied default.,}) |> result.unwrap(default) } 
error_context_lost,src/albedo/harness/extensions/antigravity/stream.gleam,71,feed,fix,Preserve decoder type/path or JSON error category through decoding helpers; exclude raw provider bytes and values.,"json.parse(data, decode.dynamic) |> result.map_error(fn(_) { types.InvalidEvent(""invalid Cloud Code Assist JSON"") }),"
thrown_away_error,src/albedo/harness/extensions/antigravity/stream.gleam,77,feed,intentional fallback,An absent provider error envelope falls through to the required event decoder; malformed events still fail.,"Ok(message) -> Error(types.ProviderError(message)) Error(_) -> decode.run(value, chunk_decoder()) |> result.map_error(fn(e) {"
error_context_lost,src/albedo/harness/extensions/antigravity/stream.gleam,208,finish,fix,Preserve decoder type/path or JSON error category through decoding helpers; exclude raw provider bytes and values.,") |> result.map_error(fn(_) { types.InvalidEvent(""could not build the Antigravity replay message"") }),"
unwrap_used,src/albedo/harness/extensions/antigravity/wire.gleam,264,arguments,intentional fallback,Provider wire encoding retains the existing empty-object fallback for unavailable tool arguments.,|> result.map(encode_value) |> result.unwrap(json.object([])) Error(_) -> json.object([]) }
thrown_away_error,src/albedo/harness/extensions/antigravity/wire.gleam,265,arguments,intentional fallback,Provider wire encoding retains the existing empty-object fallback for unavailable tool arguments.,|> result.unwrap(json.object([])) Error(_) -> json.object([]) } }
unwrap_used,src/albedo/harness/extensions/antigravity/wire.gleam,307,generation,intentional fallback,"The default supplies an absent optional field, empty collection, display value, or initial accumulator shown in the reviewed expression; it acknowledges no required write.","let limit = model.max_output_tokens let effort = option.unwrap(options.effort, ""high"") let #(output, thinking) = case model.thinking { catalog.Budget(low, medium, high) -> {"
unwrap_used,src/albedo/harness/extensions/antigravity/wire.gleam,326,generation,intentional fallback,"The default supplies an absent optional field, empty collection, display value, or initial accumulator shown in the reviewed expression; it acknowledges no required write.","catalog.Level -> #( option.unwrap(requested, limit), #( ""thinkingLevel"","
unwrap_used,src/albedo/harness/extensions/claude/catalog.gleam,52,models,intentional fallback,"The default supplies an absent optional field, empty collection, display value, or initial accumulator shown in the reviewed expression; it acknowledges no required write.",}) |> result.unwrap([]) } 
unwrap_used,src/albedo/harness/extensions/claude/catalog.gleam,117,efforts,intentional fallback,"The default supplies an absent optional field, empty collection, display value, or initial accumulator shown in the reviewed expression; it acknowledges no required write.","|> result.map(dict.to_list) |> result.unwrap([]) |> list.filter_map(fn(entry) { let #(level, detail) = entry"
unwrap_used,src/albedo/harness/extensions/claude/extension.gleam,168,list_models,intentional fallback,Optional remote refresh failures retain the cached provider model list.,case catalog.models(home) { [] -> catalog.reload(home) |> result.unwrap(Nil) _ -> catalog.refresh_later(home) }
thrown_away_error,src/albedo/harness/extensions/claude/extension.gleam,191,lookup,intentional fallback,An absent or invalid optional model catalog cannot establish capabilities; callers receive the existing fallback.,"Ok(model) -> Some(listed_info(home, model)) Error(_) -> unlisted_info(id) } }"
assert_ok_pattern,src/albedo/harness/extensions/claude/schema.gleam,16,normalize,intentional invariant,The input is typed Json generated by the host; parsing its serialization is an internal invariant.,"pub fn normalize(schema: Json) -> Json { let assert Ok(value) = json.parse(json.to_string(schema), decode.dynamic) case object(value) { Error(_) ->"
thrown_away_error,src/albedo/harness/extensions/claude/schema.gleam,18,normalize,intentional fallback,Unsupported or absent optional schema/catalog metadata uses its established normalization fallback.,"case object(value) { Error(_) -> json.object([ #(""type"", json.string(""object"")),"
unwrap_used,src/albedo/harness/extensions/claude/schema.gleam,100,field,intentional fallback,Optional presentation fields use the supplied default.,}) |> result.unwrap(default) } 
error_context_lost,src/albedo/harness/extensions/claude/stream.gleam,45,step,fix,Preserve decoder type/path or JSON error category through decoding helpers; exclude raw provider bytes and values.,"json.parse(data, decode.dynamic) |> result.map_error(fn(_) { types.InvalidEvent(""invalid Anthropic event JSON"") }),"
error_context_lost,src/albedo/harness/extensions/claude/stream.gleam,51,step,fix,Preserve decoder type/path or JSON error category through decoding helpers; exclude raw provider bytes and values.,"decode.run(value, decode.at([""type""], decode.string)) |> result.map_error(fn(_) { types.InvalidEvent(""Anthropic event has no type"") }),"
unwrap_used,src/albedo/harness/extensions/claude/stream.gleam,67,apply,intentional fallback,Absent optional provider fields retain existing defaults; required event fields still fail decoding.,"decode.run(value, decode.at([""error"", ""message""], decode.string)) |> result.unwrap(""Anthropic stream error""), )) ""message_start"" -> {"
error_context_lost,src/albedo/harness/extensions/claude/stream.gleam,72,apply,fix,Preserve decoder type/path or JSON error category through decoding helpers; exclude raw provider bytes and values.,"decode.run(value, decode.at([""message"", ""id""], decode.string)) |> result.map_error(fn(_) { types.InvalidEvent(""invalid message_start"") }),"
unwrap_used,src/albedo/harness/extensions/claude/stream.gleam,89,apply,intentional fallback,Absent optional provider fields retain existing defaults; required event fields still fail decoding.,) |> result.unwrap(None) let detail = refusal_detail(value) let output =
error_context_lost,src/albedo/harness/extensions/claude/stream.gleam,123,start,fix,Preserve decoder type/path or JSON error category through decoding helpers; exclude raw provider bytes and values.,"decode.run(value, decode.at([""index""], decode.int)) |> result.map_error(fn(_) { types.InvalidEvent(""missing block index"") }), ) use kind <- result.try("
error_context_lost,src/albedo/harness/extensions/claude/stream.gleam,127,start,fix,Preserve decoder type/path or JSON error category through decoding helpers; exclude raw provider bytes and values.,"decode.run(value, decode.at([""content_block"", ""type""], decode.string)) |> result.map_error(fn(_) { types.InvalidEvent(""missing block type"") }), ) let block = case kind {"
error_context_lost,src/albedo/harness/extensions/claude/stream.gleam,152,delta,fix,Preserve decoder type/path or JSON error category through decoding helpers; exclude raw provider bytes and values.,"decode.run(value, decode.at([""index""], decode.int)) |> result.map_error(fn(_) { types.InvalidEvent(""missing delta index"") }), ) use kind <- result.try("
error_context_lost,src/albedo/harness/extensions/claude/stream.gleam,156,delta,fix,Preserve decoder type/path or JSON error category through decoding helpers; exclude raw provider bytes and values.,"decode.run(value, decode.at([""delta"", ""type""], decode.string)) |> result.map_error(fn(_) { types.InvalidEvent(""missing delta type"") }), ) let text = case kind {"
error_context_lost,src/albedo/harness/extensions/claude/stream.gleam,214,finish,fix,Preserve decoder type/path or JSON error category through decoding helpers; exclude raw provider bytes and values.,"|> result.map(fn(_) { Nil }) |> result.map_error(fn(_) { types.InvalidEvent(""invalid Claude tool input"") })"
error_context_lost,src/albedo/harness/extensions/claude/stream.gleam,255,finish,fix,Preserve decoder type/path or JSON error category through decoding helpers; exclude raw provider bytes and values.,") |> result.map_error(fn(_) { types.InvalidEvent(""invalid Claude replay"") }), ) let finish = case state.reason {"
unwrap_used,src/albedo/harness/extensions/claude/stream.gleam,260,finish,intentional fallback,Absent optional finish/refusal metadata retains existing protocol completion behavior.,"Some(""max_tokens"") -> types.LengthLimit Some(""refusal"") -> types.OtherFinish(option.unwrap(state.detail, ""refusal"")) Some(""end_turn"") | Some(""stop_sequence"") | None -> case calls {"
unwrap_used,src/albedo/harness/extensions/claude/stream.gleam,316,usage_decoder,intentional fallback,"The default supplies an absent optional field, empty collection, display value, or initial accumulator shown in the reviewed expression; it acknowledges no required write.","decode.success(types.Usage( input + option.unwrap(cache, 0) + option.unwrap(creation, 0), output, cache,"
unwrap_used,src/albedo/harness/extensions/claude/stream.gleam,316,usage_decoder,intentional fallback,"The default supplies an absent optional field, empty collection, display value, or initial accumulator shown in the reviewed expression; it acknowledges no required write.","decode.success(types.Usage( input + option.unwrap(cache, 0) + option.unwrap(creation, 0), output, cache,"
unwrap_used,src/albedo/harness/extensions/claude/stream.gleam,350,original_name,intentional fallback,"The default supplies an absent optional field, empty collection, display value, or initial accumulator shown in the reviewed expression; it acknowledges no required write.",|> result.map(fn(tool) { tool.name }) |> result.unwrap(name) } 
unwrap_used,src/albedo/harness/extensions/claude/stream.gleam,384,field,intentional fallback,Optional presentation fields use the supplied default.,"fn field(value: Dynamic, path: List(String)) -> String { decode.run(value, decode.at(path, decode.string)) |> result.unwrap("""") } "
unwrap_used,src/albedo/harness/extensions/claude/wire.gleam,98,encode,intentional fallback,"The default supplies an absent optional field, empty collection, display value, or initial accumulator shown in the reviewed expression; it acknowledges no required write.","}) |> result.unwrap("""") let metadata = case auth { Subscription(account:, device:, session:, ..) -> ["
unwrap_used,src/albedo/harness/extensions/claude/wire.gleam,140,encode,intentional fallback,"The default supplies an absent optional field, empty collection, display value, or initial accumulator shown in the reviewed expression; it acknowledges no required write.","""max_tokens"", json.int(option.unwrap(request.max_output_tokens, 8192)), ), #(""stream"", json.bool(True)),"
error_context_lost,src/albedo/harness/extensions/claude/wire.gleam,327,add,fix,Preserve decoder type/path or JSON error category through decoding helpers; exclude raw provider bytes and values.,"types.inspect_item(item, replay_decoder()) |> result.map_error(fn(_) { types.InvalidRequest(""invalid assistant replay message"") }),"
unwrap_used,src/albedo/harness/extensions/claude/wire.gleam,384,tool_use_block,intentional fallback,Provider wire encoding retains the existing empty-object fallback for unavailable tool arguments.,"|> result.map(types.encode_value) |> result.unwrap(json.object([])) json.object([ #(""type"", json.string(""tool_use"")),"
unwrap_used,src/albedo/harness/extensions/claude/wire.gleam,598,canonical_name,intentional fallback,"The default supplies an absent optional field, empty collection, display value, or initial accumulator shown in the reviewed expression; it acknowledges no required write.",}) |> result.unwrap(name) } 
thrown_away_error,src/albedo/harness/extensions/codex/catalog.gleam,154,models,intentional fallback,"The reviewed branch handles absence/invalid optional input, preserves a previously returned failure, or returns the existing boundary refusal shown in the expression; it acknowledges no required write.","Ok(Cache(_, accounts)) -> unique_models(accounts) Error(_) -> [] } }"
unwrap_used,src/albedo/harness/extensions/codex/catalog.gleam,245,refresh_at,intentional fallback,Missing cache fields use empty/default metadata; required fetches and successful cache writes still return errors.,"json.parse_bits(bytes, decode.dict(decode.string, decode.dynamic)) |> result.unwrap(dict.new()) Error(_) -> dict.new() }"
thrown_away_error,src/albedo/harness/extensions/codex/catalog.gleam,246,refresh_at,intentional fallback,Missing cache fields use empty/default metadata; required fetches and successful cache writes still return errors.,"|> result.unwrap(dict.new()) Error(_) -> dict.new() } use accounts <- result.try(case dict.get(cached, ""accounts"") {"
thrown_away_error,src/albedo/harness/extensions/codex/catalog.gleam,252,refresh_at,intentional fallback,Missing cache fields use empty/default metadata; required fetches and successful cache writes still return errors.,"|> result.replace_error(""Codex model list could not be refreshed"") Error(_) -> Ok(dict.new()) }) use entry <- result.try(case dict.get(accounts, account) {"
thrown_away_error,src/albedo/harness/extensions/codex/catalog.gleam,258,refresh_at,intentional fallback,Missing cache fields use empty/default metadata; required fetches and successful cache writes still return errors.,"|> result.replace_error(""Codex model list could not be refreshed"") Error(_) -> Ok(dict.new()) }) use _ <- result.try(validate_metadata(cached, entry))"
thrown_away_error,src/albedo/harness/extensions/codex/catalog.gleam,272,refresh_at,intentional fallback,Missing cache fields use empty/default metadata; required fetches and successful cache writes still return errors.,"case dict.get(entry, ""etag"") { Error(_) -> Ok("""") Ok(raw) -> decode.run(raw, decode.string)"
discarded_result,src/albedo/harness/extensions/codex/catalog.gleam,312,refresh_at,best-effort operation,Saving refreshed version metadata is secondary to the catalog fetch error; preserve that error.,"Error(reason) -> { let _ = save(home, updated) Error(reason) }"
unwrap_used,src/albedo/harness/extensions/codex/catalog.gleam,330,value,intentional fallback,"The default supplies an absent optional field, empty collection, display value, or initial accumulator shown in the reviewed expression; it acknowledges no required write.",}) |> result.unwrap(default) } 
thrown_away_error,src/albedo/harness/extensions/codex/catalog.gleam,390,check_version,intentional fallback,Failed optional version probes retain the prior/fallback version; required catalog fetch errors still return.,"} Error(_) -> #( case version { """" -> fallback_version"
unwrap_used,src/albedo/harness/extensions/codex/catalog.gleam,431,fetch_models,intentional fallback,"The default supplies an absent optional field, empty collection, display value, or initial accumulator shown in the reviewed expression; it acknowledges no required write.","|> result.map(fn(header) { header.1 }) |> result.unwrap("""") Ok( dict.from_list(["
thrown_away_error,src/albedo/harness/extensions/codex/catalog.gleam,484,normalize,intentional fallback,Unsupported or absent optional schema/catalog metadata uses its established normalization fallback.,"case dict.get(fields, ""visibility"") { Error(_) -> True Ok(raw) -> decode.run(raw, decode.string) == Ok(""list"") },"
thrown_away_error,src/albedo/harness/extensions/codex/catalog.gleam,526,validate_metadata,intentional fallback,Missing optional cached metadata is accepted; present invalid metadata returns a failure.,"case dict.get(check.0, check.1) { Error(_) -> Ok(Nil) Ok(raw) -> decode.run(raw, check.2)"
unwrap_used,src/albedo/harness/extensions/codex/extension.gleam,53,lookup,intentional fallback,An absent or invalid optional model catalog cannot establish capabilities; callers receive the existing fallback.,") -> Option(extension.ModelInfo) { let at = option.unwrap(endpoint, base_url) use <- bool.guard(!string.starts_with(at, base_url), None) catalog.lookup(settings.home(), at, model)"
discarded_result,src/albedo/harness/extensions/codex/extension.gleam,66,list_models,best-effort operation,Optional catalog refresh keeps the previous cache; credential/setup errors remain required at provider resolution.,"let home = settings.home() let _ = result.map(account(home, """"), fn(a) { catalog.refresh(home, a.token, a.account_id)"
thrown_away_error,src/albedo/harness/extensions/commands/extension.gleam,61,effort,intentional fallback,"The reviewed branch handles absence/invalid optional input, preserves a previously returned failure, or returns the existing boundary refusal shown in the expression; it acknowledges no required write.","ModelCall, Ok(_) -> Error(user_action(""switching effort"", ""/effort"")) _, Error(_) -> ctx.state(EffortGet) UserCall, Ok(level) -> ctx.state(EffortSelect(level)) })"
thrown_away_error,src/albedo/harness/extensions/commands/extension.gleam,107,model,intentional fallback,"The reviewed branch handles absence/invalid optional input, preserves a previously returned failure, or returns the existing boundary refusal shown in the expression; it acknowledges no required write.","ModelCall, Ok(_) -> Error(user_action(""switching models"", ""/model"")) _, Error(_) -> case provider, given(""effort"") { None, None -> ctx.state(ModelGet)"
thrown_away_error,src/albedo/harness/extensions/commands/extension.gleam,152,reload,intentional fallback,"The reviewed branch handles absence/invalid optional input, preserves a previously returned failure, or returns the existing boundary refusal shown in the expression; it acknowledges no required write.",") Error(_) -> { use #(notice, catalogs) <- result.try(catalogs_reload(ctx)) use _ <- result.try(cache_ttl.reload())"
thrown_away_error,src/albedo/harness/extensions/commands/extension.gleam,272,raise_cap,intentional fallback,"The reviewed branch handles absence/invalid optional input, preserves a previously returned failure, or returns the existing boundary refusal shown in the expression; it acknowledges no required write.",Ok(model) -> Ok(model) Error(_) -> { use value <- result.try(ctx.state(ModelGet)) json.parse(
thrown_away_error,src/albedo/harness/extensions/commands/extension.gleam,286,raise_cap,intentional fallback,"The reviewed branch handles absence/invalid optional input, preserves a previously returned failure, or returns the existing boundary refusal shown in the expression; it acknowledges no required write.","Ok(other) -> Error(""state must be on or off, not "" <> other) Error(_) -> Ok(!raised) }) use _ <- result.try(extension.raise_cap(model, raise))"
thrown_away_error,src/albedo/harness/extensions/commands/extension.gleam,324,context_inspect,intentional fallback,"The reviewed branch handles absence/invalid optional input, preserves a previously returned failure, or returns the existing boundary refusal shown in the expression; it acknowledges no required write.","use value <- result.try(case dict.get(args, ""section"") { Error(_) -> ctx.state(ContextSummary) Ok(section) -> { use page <- result.try("
unwrap_used,src/albedo/harness/extensions/commands/extension.gleam,328,context_inspect,intentional fallback,"The default supplies an absent optional field, empty collection, display value, or initial accumulator shown in the reviewed expression; it acknowledges no required write.","dict.get(args, ""page"") |> result.unwrap(""0"") |> int.parse |> result.replace_error(""page must be a number""),"
assert_ok_pattern,src/albedo/harness/extensions/lcm/extension.gleam,367,summarize_leaves,fix,Empty chunks now return an explicit error; the nonempty branch binds its first row.,"use chunk <- list.try_map(chunks) let assert [first, ..] = chunk let assert Ok(last) = list.last(chunk) let inputs = list.map(chunk, fn(item) { item.entry.input })"
assert_ok_pattern,src/albedo/harness/extensions/lcm/extension.gleam,368,summarize_leaves,fix,The nonempty branch folds from its first row to obtain the last row without asserting.,"let assert [first, ..] = chunk let assert Ok(last) = list.last(chunk) let inputs = list.map(chunk, fn(item) { item.entry.input }) use summary <- result.try(summarize_bounded(context, inputs, summary_limit))"
unwrap_used,src/albedo/harness/extensions/lcm/graph.gleam,63,last_seq,intentional fallback,"The default supplies an absent optional field, empty collection, display value, or initial accumulator shown in the reviewed expression; it acknowledges no required write.",") |> result.map(fn(value) { option.unwrap(value, 0) }) } "
thrown_away_error,src/albedo/harness/extensions/lcm/graph.gleam,225,save_leaves,intentional fallback,"The reviewed branch handles absence/invalid optional input, preserves a previously returned failure, or returns the existing boundary refusal shown in the expression; it acknowledges no required write.","case list.last(leaves) { Error(_) -> Ok(Nil) Ok(last) -> store.query(ledger, fn(db) {"
unwrap_used,src/albedo/harness/extensions/lcm/graph.gleam,399,search_page,intentional fallback,"The default supplies an absent optional field, empty collection, display value, or initial accumulator shown in the reviewed expression; it acknowledges no required write.","arguments, option.unwrap(upper, 0), 0, needle,"
thrown_away_error,src/albedo/harness/extensions/lcm/graph.gleam,444,search_node_pages,intentional fallback,"The reviewed branch handles absence/invalid optional input, preserves a previously returned failure, or returns the existing boundary refusal shown in the expression; it acknowledges no required write.",case list.last(nodes) { Error(_) -> Ok(page) Ok(last) -> case list.length(nodes) < 128 {
thrown_away_error,src/albedo/harness/extensions/lcm/tools.gleam,208,grep_page,intentional fallback,"The reviewed branch handles absence/invalid optional input, preserves a previously returned failure, or returns the existing boundary refusal shown in the expression; it acknowledges no required write.","Ok(id) -> json.int(id) Error(_) -> json.null() }), #(""preview"", json.string(search.preview(match.text, needle))),"
assert_ok_pattern,src/albedo/harness/extensions/models/catalog.gleam,41,select,intentional invariant,Candidates are built from models under provider keys in the same immutable native index.,"// A candidate's provider must exist in the same cached index. let assert Ok(provider) = dict.get(providers, entry.0) provider.0 == host })"
thrown_away_error,src/albedo/harness/extensions/models/catalog.gleam,51,select,intentional fallback,"The reviewed branch handles absence/invalid optional input, preserves a previously returned failure, or returns the existing boundary refusal shown in the expression; it acknowledges no required write.",}) Error(_) -> unattributed(candidates) } }
unwrap_used,src/albedo/harness/extensions/models/extension.gleam,102,lookup,intentional fallback,An absent or invalid optional model catalog cannot establish capabilities; callers receive the existing fallback.,"let catalog = path() case native_lookup(catalog, model, option.unwrap(endpoint, """")) { Error(MissingModel) -> { let efforts = infer_reasoning_efforts(model)"
thrown_away_error,src/albedo/harness/extensions/models/extension.gleam,117,lookup,intentional fallback,An absent or invalid optional model catalog cannot establish capabilities; callers receive the existing fallback.,"} Error(_) -> None Ok(info) -> Some(with_source(info, catalog)) }"
thrown_away_error,src/albedo/harness/extensions/models/extension.gleam,132,lookup_provider,intentional fallback,Exact provider lookup reports no catalog facts when the provider entry is unavailable.,"Ok(info) -> Some(with_source(info, catalog)) Error(_) -> None } }"
unwrap_used,src/albedo/harness/extensions/models/extension.gleam,138,list,intentional fallback,"The default supplies an absent optional field, empty collection, display value, or initial accumulator shown in the reviewed expression; it acknowledges no required write.","refresh() native_list(path(), provider, option.unwrap(endpoint, """")) |> result.unwrap([]) }"
unwrap_used,src/albedo/harness/extensions/models/extension.gleam,139,list,intentional fallback,"The default supplies an absent optional field, empty collection, display value, or initial accumulator shown in the reviewed expression; it acknowledges no required write.","native_list(path(), provider, option.unwrap(endpoint, """")) |> result.unwrap([]) } "
unwrap_used,src/albedo/harness/extensions/paperclips/command.gleam,191,session_label,intentional fallback,"The default supplies an absent optional field, empty collection, display value, or initial accumulator shown in the reviewed expression; it acknowledges no required write.","Some(session) -> dict.get(labels, session) |> result.unwrap(string.slice(session, 0, 8)) None -> ""—"" }"
thrown_away_error,src/albedo/harness/extensions/paperclips/ledger.gleam,139,topic_decoder,intentional fallback,"Unknown persisted topic becomes a decoder failure, rather than a successful default value.","Ok(topic) -> decode.success(topic) Error(_) -> decode.failure(Other, ""vent topic"") } }"
thrown_away_error,src/albedo/harness/extensions/paperclips/ledger.gleam,147,status_decoder,intentional fallback,"Unknown persisted status becomes a decoder failure, rather than a successful default value.","Ok(status) -> decode.success(status) Error(_) -> decode.failure(Open, ""vent status"") } }"
thrown_away_error,src/albedo/harness/extensions/proxy/chat.gleam,59,parse,intentional fallback,"The reviewed branch handles absence/invalid optional input, preserves a previously returned failure, or returns the existing boundary refusal shown in the expression; it acknowledges no required write.","Ok(#(profile, model)) -> #(profile, model) Error(_) -> #(requested, """") } use #(instructions, history) <- result.try(inputs(messages))"
thrown_away_error,src/albedo/harness/extensions/proxy/chat.gleam,283,input,intentional fallback,"The reviewed branch handles absence/invalid optional input, preserves a previously returned failure, or returns the existing boundary refusal shown in the expression; it acknowledges no required write.","Ok(entries) -> Ok(entries) Error(_) -> assistant( text(parts),"
thrown_away_error,src/albedo/harness/extensions/proxy/chat.gleam,340,original,intentional fallback,"The reviewed branch handles absence/invalid optional input, preserves a previously returned failure, or returns the existing boundary refusal shown in the expression; it acknowledges no required write.","Ok(#(id, _)) -> id Error(_) -> id } }"
unwrap_used,src/albedo/harness/extensions/proxy/chat.gleam,428,first_user_text,intentional fallback,"The default supplies an absent optional field, empty collection, display value, or initial accumulator shown in the reviewed expression; it acknowledges no required write.","|> result.map(fn(message) { text(message.parts) }) |> result.unwrap("""") } "
unwrap_used,src/albedo/harness/extensions/proxy/chat.gleam,590,usage,intentional fallback,"The default supplies an absent optional field, empty collection, display value, or initial accumulator shown in the reviewed expression; it acknowledges no required write.","fn usage(usage: Option(types.Usage)) -> Json { let types.Usage(input, output, cached, reasoning, ..) = option.unwrap(usage, types.Usage(0, 0, None, None, None, None, None)) json.object("
unwrap_used,src/albedo/harness/extensions/proxy/chat.gleam,599,usage,intentional fallback,"The default supplies an absent optional field, empty collection, display value, or initial accumulator shown in the reviewed expression; it acknowledges no required write.","""prompt_tokens_details"", json.object([#(""cached_tokens"", json.int(option.unwrap(cached, 0)))]), ), ]"
unwrap_used,src/albedo/harness/extensions/proxy/chat.gleam,605,usage,intentional fallback,"The default supplies an absent optional field, empty collection, display value, or initial accumulator shown in the reviewed expression; it acknowledges no required write.","json.object([ #(""reasoning_tokens"", json.int(option.unwrap(reasoning, 0))), ]), )),"
unwrap_used,src/albedo/harness/extensions/proxy/extension.gleam,124,endpoint,intentional fallback,"The default supplies an absent optional field, empty collection, display value, or initial accumulator shown in the reviewed expression; it acknowledges no required write.",") |> result.unwrap("""") |> extension.clean_endpoint }"
discarded_result,src/albedo/harness/extensions/proxy/extension.gleam,217,stream,best-effort operation,The discarded value is stream Control or a final SSE-send failure; the connection/worker closes independently.,"} let _ = send(chat.opening(reply)) let outcome = upstream.stream(request, fn(event) {"
unwrap_used,src/albedo/harness/extensions/proxy/extension.gleam,222,stream,intentional fallback,Rotation preserves the primary provider error when marking/rotating fails; proxy disconnects stop the stream.,|> option.map(send) |> option.unwrap(types.Continue) }) case outcome {
discarded_result,src/albedo/harness/extensions/proxy/extension.gleam,230,stream,best-effort operation,The discarded value is stream Control or a final SSE-send failure; the connection/worker closes independently.,"Error(error) -> { let _ = send(chat.error(describe(upstream, error))) Nil }"
thrown_away_error,src/albedo/harness/extensions/proxy/extension.gleam,245,stream,intentional fallback,Rotation preserves the primary provider error when marking/rotating fails; proxy disconnects stop the stream.,Ok(_) -> actor.continue(state) Error(_) -> actor.stop() } Done -> {
discarded_result,src/albedo/harness/extensions/proxy/extension.gleam,248,stream,best-effort operation,The discarded value is stream Control or a final SSE-send failure; the connection/worker closes independently.,"Done -> { let _ = mist.send_event( connection,"
unwrap_used,src/albedo/harness/extensions/proxy/extension.gleam,261,describe,intentional fallback,"The default supplies an absent optional field, empty collection, display value, or initial accumulator shown in the reviewed expression; it acknowledges no required write.","fn describe(upstream: extension.Upstream, error: types.Error) -> String { upstream.explain(error) |> option.lazy_unwrap(fn() { string.inspect(error) }) } "
thrown_away_error,src/albedo/harness/extensions/python/cells.gleam,125,finish,intentional fallback,Absent optional finish/refusal metadata retains existing protocol completion behavior.,}) Error(_) -> Ok(outcome) }) use rows <- result.try(store.rows(
discarded_result,src/albedo/harness/extensions/python/extension.gleam,70,invoke,best-effort operation,Trace events are observational. The cell source and outcome are committed first; losing a trace must not invite rerunning the cell.,") let _ = list.try_each(python.events(context.kernel), fn(event) { let decoder = {"
thrown_away_error,src/albedo/harness/extensions/python/extension.gleam,86,invoke,intentional fallback,A missing tool is a model-visible refusal; Fatal tool and persistence failures still end the turn.,"} Error(_) -> Ok(extension.text(""{\""error\"":\""expected code and timeout_ms\""}"")) }"
thrown_away_error,src/albedo/harness/extensions/python/extension.gleam,144,outcome_output,intentional fallback,"The reviewed branch handles absence/invalid optional input, preserves a previously returned failure, or returns the existing boundary refusal shown in the expression; it acknowledges no required write.","Ok(outcome) -> outcome.images Error(_) -> [] } extension.Output(json.to_string(outcome_json(id, outcome)), images)"
thrown_away_error,src/albedo/harness/extensions/python/extension.gleam,195,recover,intentional fallback,A failed optional recovery lookup uses the existing interrupted-call refusal rather than rerunning effects.,Ok(cell) -> cell.id Error(_) -> base_id } let outcome = case cell {
thrown_away_error,src/albedo/harness/extensions/python/extension.gleam,199,recover,intentional fallback,A failed optional recovery lookup uses the existing interrupted-call refusal rather than rerunning effects.,Ok(cell) -> cell.outcome Error(_) -> None } Some(case outcome {
assert_ok_pattern,src/albedo/harness/extensions/python/migrations/cell_images.gleam,119,migrate_image_pages,intentional invariant,The preceding rows case excludes the empty migration page.,") let assert Ok(last) = list.last(rows) Ok(#(count, Some(last.0))) }"
unwrap_used,src/albedo/harness/extensions/python/rpc.gleam,39,handle,intentional fallback,No matching RPC route returns the existing unavailable response.,") |> result.unwrap(20) case limit < 1 || limit > 200 { True -> Error(""1 <= limit <= 200 required"")"
unwrap_used,src/albedo/harness/extensions/python/rpc.gleam,78,first_line,intentional fallback,"The default supplies an absent optional field, empty collection, display value, or initial accumulator shown in the reviewed expression; it acknowledges no required write.","|> list.find(fn(line) { string.trim(line) != """" }) |> result.unwrap("""") |> string.slice(0, 120) }"
unwrap_used,src/albedo/harness/extensions/rolling/extension.gleam,158,prepare_view,intentional fallback,"The default supplies an absent optional field, empty collection, display value, or initial accumulator shown in the reviewed expression; it acknowledges no required write.","let recorded = observation(context.store, context.session) |> result.unwrap(None) let observed = option.map(recorded, fn(recorded) {"
discarded_result,src/albedo/harness/extensions/rolling/extension.gleam,401,prepare,best-effort operation,Observation persistence is secondary to an insufficient context window; preserve the window error.,"True -> { let _ = report( ""limitation"","
unwrap_used,src/albedo/harness/extensions/skills/extension.gleam,90,skill_command,intentional fallback,"The default supplies an absent optional field, empty collection, display value, or initial accumulator shown in the reviewed expression; it acknowledges no required write.","fn(_context, caller, args) { let arguments = dict.get(args, ""arguments"") |> result.unwrap("""") use activation <- result.try(catalog.activate( snapshot,"
thrown_away_error,src/albedo/harness/extensions/snapcompact/extension.gleam,297,compaction_plugins,intentional fallback,Invalid optional snapcompact settings disable that strategy; required configured strategies return validation failures.,] Error(_) -> [] } }
discarded_result,src/albedo/harness/extensions/snapcompact/extension.gleam,328,initialise,best-effort operation,"Frame cache writes/pruning are optional; failure costs disk space or a later re-render, never a transcript commit.","// A failed prune only costs disk space, never a turn. let _ = store.exec( db,"
unwrap_used,src/albedo/harness/extensions/snapcompact/extension.gleam,511,frame_budget,intentional fallback,"The default supplies an absent optional field, empty collection, display value, or initial accumulator shown in the reviewed expression; it acknowledges no required write.",") -> Int { let cap = option.lazy_unwrap(config.max_frames, fn() { provider_cap(reader, images) }) let cost = compaction.image_tokens(shape.width, shape.rows * shape.pitch)"
thrown_away_error,src/albedo/harness/extensions/snapcompact/extension.gleam,663,serialize_replay,intentional fallback,Unreadable portable replay renders a bounded serialized placeholder.,} Error(_) -> replay_fallback(item) } }
discarded_result,src/albedo/harness/extensions/snapcompact/extension.gleam,794,frames,best-effort operation,"Frame cache writes/pruning are optional; failure costs disk space or a later re-render, never a transcript commit.","// A failed cache write only costs a re-render next request. let _ = store.query(ledger, fn(db) { list.each(fresh, fn(cached) {"
discarded_result,src/albedo/harness/extensions/snapcompact/extension.gleam,798,frames,best-effort operation,"Frame cache writes/pruning are optional; failure costs disk space or a later re-render, never a transcript commit.","let #(row, data) = cached let _ = store.run( db,"
thrown_away_error,src/albedo/harness/extensions/warm/extension.gleam,161,ping,intentional fallback,Warming is optional and reschedules only after an observed outcome; it cannot fail the foreground turn.,} Error(_) -> Nil } warmer
discarded_result,src/albedo/harness/extensions/warm/extension.gleam,182,schedule,best-effort operation,"The expression returns a timer/monitor/process handle, not a Result. The message or process remains active without retaining the handle.","let delay = int.max(0, anchor + plan.interval_ms - requests.now()) let _ = process.send_after(inbox, delay, Tick(warmer.generation)) Nil }"
thrown_away_error,src/albedo/harness/extensions/warm/extension.gleam,203,wanted,intentional fallback,Failure to inspect optional child activity disables speculative warming.,}) Error(_) -> False } }
unwrap_used,src/albedo/harness/extensions/warm/extension.gleam,215,min_cached_tokens,intentional fallback,"The default supplies an absent optional field, empty collection, display value, or initial accumulator shown in the reviewed expression; it acknowledges no required write.","settings.load(""warm"", decoder, 1024) |> result.unwrap(1024) } "
unwrap_used,src/albedo/harness/extensions/warm/extension.gleam,267,resolution,intentional fallback,"The default supplies an absent optional field, empty collection, display value, or initial accumulator shown in the reviewed expression; it acknowledges no required write.",}) |> option.unwrap(default_read) None -> default_read }
unwrap_used,src/albedo/harness/extensions/warm/extension.gleam,286,resolution,intentional fallback,"The default supplies an absent optional field, empty collection, display value, or initial accumulator shown in the reviewed expression; it acknowledges no required write.","tier.seconds, option.unwrap(tier.write, default_write), read, from_start,"
unwrap_used,src/albedo/harness/extensions/warm/extension.gleam,317,tier_write,intentional fallback,"The default supplies an absent optional field, empty collection, display value, or initial accumulator shown in the reviewed expression; it acknowledges no required write.","list.find(tiers, fn(tier) { tier.seconds == ttl_seconds }) |> result.map(fn(tier) { option.unwrap(tier.write, default_write) }) |> result.unwrap(default_write) None -> default_write"
unwrap_used,src/albedo/harness/extensions/warm/extension.gleam,318,tier_write,intentional fallback,"The default supplies an absent optional field, empty collection, display value, or initial accumulator shown in the reviewed expression; it acknowledges no required write.","|> result.map(fn(tier) { option.unwrap(tier.write, default_write) }) |> result.unwrap(default_write) None -> default_write }"
unwrap_used,src/albedo/harness/extensions/warm/extension.gleam,352,cached_prefix,intentional fallback,"The default supplies an absent optional field, empty collection, display value, or initial accumulator shown in the reviewed expression; it acknowledges no required write.",".., )) -> option.unwrap(cached, 0) + option.unwrap(creation, 0) None -> 0 }"
unwrap_used,src/albedo/harness/extensions/warm/extension.gleam,352,cached_prefix,intentional fallback,"The default supplies an absent optional field, empty collection, display value, or initial accumulator shown in the reviewed expression; it acknowledges no required write.",".., )) -> option.unwrap(cached, 0) + option.unwrap(creation, 0) None -> 0 }"
unwrap_used,src/albedo/harness/extensions/webhooks/ledger.gleam,123,letter,intentional fallback,"The default supplies an absent optional field, empty collection, display value, or initial accumulator shown in the reviewed expression; it acknowledges no required write.","|> result.map(fn(text) { string.slice(text, 0, 4000) }) |> result.unwrap(""[binary payload; read the delivery by id]"") mail.Letter( delivery.id,"
unwrap_used,src/albedo/harness/extensions/webhooks/ledger.gleam,260,pending_count,intentional fallback,"The default supplies an absent optional field, empty collection, display value, or initial accumulator shown in the reviewed expression; it acknowledges no required write.",) |> result.map(fn(counts) { list.first(counts) |> result.unwrap(0) }) }) }
unwrap_used,src/albedo/harness/extensions/webhooks/ledger.gleam,578,accept,intentional fallback,"The default supplies an absent optional field, empty collection, display value, or initial accumulator shown in the reviewed expression; it acknowledges no required write.",") let signature = list.key_find(headers, header) |> result.unwrap("""") case verify(body, signature, secret, prefix) { False -> Error(Unauthorized)"
discarded_result,src/albedo/harness/extensions/webhooks/ledger.gleam,660,enqueue,best-effort operation,Rollback to the savepoint preserves the primary webhook acceptance failure.,"Error(error) -> { let _ = store.exec(connection, ""ROLLBACK TO webhook_accept"") let _ = store.exec(connection, ""RELEASE webhook_accept"") Error(error)"
discarded_result,src/albedo/harness/extensions/webhooks/ledger.gleam,661,enqueue,best-effort operation,Savepoint release preserves the primary webhook acceptance failure.,"let _ = store.exec(connection, ""ROLLBACK TO webhook_accept"") let _ = store.exec(connection, ""RELEASE webhook_accept"") Error(error) }"
unwrap_used,src/albedo/harness/extensions/webhooks/rpc.gleam,53,dispatch,intentional fallback,"The default supplies an absent optional field, empty collection, display value, or initial accumulator shown in the reviewed expression; it acknowledges no required write.","let body = bit_array.to_string(item.body) |> result.unwrap(""[binary payload]"") Ok( json.object(["
thrown_away_error,src/albedo/harness/extensions/webhooks/service.gleam,51,handle,intentional fallback,No matching RPC route returns the existing unavailable response.,"Error(ledger.Invalid(reason)) -> respond(400, message(reason)) Error(_) -> respond(503, message(""webhook unavailable"")) } }"
thrown_away_error,src/albedo/harness/extensions/work/ledger.gleam,118,status_decoder,intentional fallback,"Unknown persisted status becomes a decoder failure, rather than a successful default value.","Ok(status) -> decode.success(status) Error(_) -> decode.failure(Open, ""work status"") } }"
discarded_result,src/albedo/harness/loop.gleam,138,run,best-effort operation,The discarded values are Nil/Bool from presentation publication or pin notification after required persistence has succeeded.,"list.each(replay, fn(input) { let _ = list.each(view.assistant_message(input, Some(timestamp)), state.publish) })"
discarded_result,src/albedo/harness/loop.gleam,142,run,best-effort operation,The discarded values are Nil/Bool from presentation publication or pin notification after required persistence has succeeded.,use _ <- result.try(state.record_usage(completed_usage)) let _ = state.publish(usage.event(completed_usage)) case turn.tool_calls { [] ->
discarded_result,src/albedo/harness/loop.gleam,199,compact,best-effort operation,The discarded values are Nil/Bool from presentation publication or pin notification after required persistence has succeeded.,let evicted = list.length(inputs) - suffix let _ = case evicted > 0 { True -> { // The summary replaced the history the pinned prompt was cached with.
discarded_result,src/albedo/harness/loop.gleam,281,run_tool,best-effort operation,The discarded values are Nil/Bool from presentation publication or pin notification after required persistence has succeeded.,"use _ <- result.try(state.commit([output], conversation.Tool, None)) let _ = case output { types.ToolOutput(_, body, images) -> state.publish(view.tool("
unwrap_used,src/albedo/harness/loop.gleam,341,display_text,intentional fallback,"The default supplies an absent optional field, empty collection, display value, or initial accumulator shown in the reviewed expression; it acknowledges no required write.","input -> option.unwrap( view.visible_assistant_text(input), ""[assistant tool call omitted]"","
thrown_away_error,src/albedo/harness/loop.gleam,383,call,intentional fallback,"The reviewed branch handles absence/invalid optional input, preserves a previously returned failure, or returns the existing boundary refusal shown in the expression; it acknowledges no required write.",Ok(turn) -> turn.usage Error(_) -> None } let marks = state.upstream.cache_marks(request)
unwrap_used,src/albedo/harness/loop.gleam,499,request_prefix,intentional fallback,"The default supplies an absent optional field, empty collection, display value, or initial accumulator shown in the reviewed expression; it acknowledges no required write.","requests.prefix( option.unwrap(request.instructions, """"), request.tools, history,"
unwrap_used,src/albedo/harness/loop.gleam,613,describe,intentional fallback,"The default supplies an absent optional field, empty collection, display value, or initial accumulator shown in the reviewed expression; it acknowledges no required write.","fn describe(upstream: extension.Upstream, error: types.Error) -> String { upstream.explain(error) |> option.lazy_unwrap(fn() { string.inspect(error) }) } "
unwrap_used,src/albedo/harness/loop.gleam,635,summarize,intentional fallback,"The default supplies an absent optional field, empty collection, display value, or initial accumulator shown in the reviewed expression; it acknowledges no required write.","request let previous = option.unwrap(previous, ""(none)"") let transcript = evicted |> list.map(render_summary_input) |> string.join(""\n"")"
unwrap_used,src/albedo/harness/page.gleam,22,args,intentional fallback,"The default supplies an absent optional field, empty collection, display value, or initial accumulator shown in the reviewed expression; it acknowledges no required write.",") -> #(String, String) { let action = dict.get(args, ""action"") |> result.unwrap(default_action) let details = dict.get(args, ""details"") |> result.unwrap("""") |> string.trim #(action, details)"
unwrap_used,src/albedo/harness/page.gleam,23,args,intentional fallback,"The default supplies an absent optional field, empty collection, display value, or initial accumulator shown in the reviewed expression; it acknowledges no required write.","let action = dict.get(args, ""action"") |> result.unwrap(default_action) let details = dict.get(args, ""details"") |> result.unwrap("""") |> string.trim #(action, details) }"
unwrap_used,src/albedo/harness/page.gleam,29,split,intentional fallback,"The default supplies an absent optional field, empty collection, display value, or initial accumulator shown in the reviewed expression; it acknowledges no required write.","pub fn split(text: String) -> #(String, String) { string.split_once(text, "" "") |> result.unwrap(#(text, """")) } "
unwrap_used,src/albedo/harness/rotation.gleam,89,error_message,intentional fallback,"The default supplies an absent optional field, empty collection, display value, or initial accumulator shown in the reviewed expression; it acknowledges no required write.","json.parse(body, decode.at([""error"", ""message""], decode.string)) |> result.unwrap(body) } "
thrown_away_error,src/albedo/harness/rotation.gleam,223,stream,intentional fallback,Rotation preserves the primary provider error when marking/rotating fails; proxy disconnects stop the stream.,"} Error(_) -> None } _, _ -> None"
thrown_away_error,src/albedo/harness/rotation.gleam,254,stream,intentional fallback,Rotation preserves the primary provider error when marking/rotating fails; proxy disconnects stop the stream.,"} Error(_) -> failed } None, [], _ -> failed"
thrown_away_error,src/albedo/harness/rpc.gleam,28,handle,intentional fallback,No matching RPC route returns the existing unavailable response.,"Ok(#(_, run)) -> run(store, session, request) Error(_) -> refuse(""unavailable"", ""extension capability unavailable"") } }"
thrown_away_error,src/albedo/harness/runtime.gleam,198,drop_kernel_at,intentional fallback,No cached kernel means there is nothing to clean up.,"Ok(session) -> drop_kernel(context, session) Error(_) -> Nil } }"
thrown_away_error,src/albedo/harness/runtime.gleam,205,close_cached_at,intentional fallback,No cached composition means there is nothing to close.,Ok(cached) -> extension.close(cached.composition) Error(_) -> Nil } }
thrown_away_error,src/albedo/harness/runtime.gleam,469,build_cached,intentional fallback,No inactive required extension means validation passes; a matching warning closes the failed composition.,"case list.key_find(extension.inactive(composition), name) { Error(_) -> Ok(Nil) Ok(warning) -> { extension.close(composition)"
thrown_away_error,src/albedo/harness/runtime.gleam,598,refresh_cached,intentional fallback,No live cached kernel means there is nothing to rebind.,} Error(_) -> None } let rebound = case
thrown_away_error,src/albedo/harness/runtime.gleam,651,ensure_cached,intentional fallback,No prior composition means a fresh one is built; required build failures are returned.,"Ok(prior) -> extension.close(prior.composition) Error(_) -> Nil } use cached <- result.try(build_cached(state, id, cwd, None, []))"
thrown_away_error,src/albedo/harness/runtime.gleam,729,booted,intentional fallback,Forgotten boots are cleaned up; failures never enter the session cache and are passed to waiting callers.,"case dict.get(state.booting, id), result { Error(_), Ok(session) -> { drop_kernel(""boot for a forgotten session"", session) state"
thrown_away_error,src/albedo/harness/runtime.gleam,733,booted,intentional fallback,Forgotten boots are cleaned up; failures never enter the session cache and are passed to waiting callers.,"} Error(_), Error(_) -> state Ok(waiters), _ -> { let state = State(..state, booting: dict.delete(state.booting, id))"
thrown_away_error,src/albedo/harness/runtime.gleam,733,booted,intentional fallback,Forgotten boots are cleaned up; failures never enter the session cache and are passed to waiting callers.,"} Error(_), Error(_) -> state Ok(waiters), _ -> { let state = State(..state, booting: dict.delete(state.booting, id))"
thrown_away_error,src/albedo/harness/runtime.gleam,738,booted,intentional fallback,Forgotten boots are cleaned up; failures never enter the session cache and are passed to waiting callers.,"Ok(session) -> holding(state, id, session) Error(_) -> state } list.each(list.reverse(waiters), fn(answer) { answer(result) })"
thrown_away_error,src/albedo/harness/runtime.gleam,749,abandon,intentional fallback,No pending boot means there is nobody to notify.,"case dict.get(state.booting, id) { Error(_) -> state Ok(waiters) -> { list.each(waiters, fn(answer) {"
thrown_away_error,src/albedo/harness/runtime.gleam,868,reopen,intentional fallback,An absent prior kernel uses the requested workspace; replacement is published only after required setup succeeds.,Ok(session) -> session.cwd Error(_) -> cwd } let opened = {
thrown_away_error,src/albedo/harness/runtime.gleam,902,reopen,intentional fallback,An absent prior kernel uses the requested workspace; replacement is published only after required setup succeeds.,"Ok(session) -> drop_kernel(""extension reload"", session) Error(_) -> Nil } close_cached_at(state, id)"
thrown_away_error,src/albedo/harness/runtime.gleam,920,refresh_value,intentional fallback,An absent cached composition has nothing to refresh.,"case dict.get(state.compositions, id) { Error(_) -> Ok(#(state, None)) Ok(cached) -> { use refreshed <- result.map(refresh_cached(state, id, cached))"
thrown_away_error,src/albedo/harness/runtime.gleam,969,handle,intentional fallback,No matching RPC route returns the existing unavailable response.,"// Already on its way: wait with everyone else. Error(_), Ok(waiters) -> actor.continue( State("
thrown_away_error,src/albedo/harness/runtime.gleam,976,handle,intentional fallback,No matching RPC route returns the existing unavailable response.,") Error(_), Error(_) -> case ensure_cached(state, id, cwd) { Error(message) -> {"
thrown_away_error,src/albedo/harness/runtime.gleam,976,handle,intentional fallback,No matching RPC route returns the existing unavailable response.,") Error(_), Error(_) -> case ensure_cached(state, id, cwd) { Error(message) -> {"
unwrap_used,src/albedo/harness/runtime.gleam,1012,handle,intentional fallback,No matching RPC route returns the existing unavailable response.,"}) |> result.unwrap(None), ) actor.continue(state)"
thrown_away_error,src/albedo/harness/runtime.gleam,1120,invoke,intentional fallback,A missing tool is a model-visible refusal; Fatal tool and persistence failures still end the turn.,"case tool_call(runtime, session, call, images) { Error(_) -> Ok(refusal(call, ""tool is not installed"")) Ok(#(tool, context)) -> case extension.invoke(tool, context, call.arguments) {"
thrown_away_error,src/albedo/harness/runtime.gleam,1148,recover,intentional fallback,A failed optional recovery lookup uses the existing interrupted-call refusal rather than rerunning effects.,"Ok(#(tool, context)) -> extension.recover(tool, context) Error(_) -> None } case saved {"
unwrap_used,src/albedo/harness/runtime.gleam,1275,listed_models,intentional fallback,"The default supplies an absent optional field, empty collection, display value, or initial accumulator shown in the reviewed expression; it acknowledges no required write.",") -> List(ListedModel) { let enabled = global(runtime) |> result.unwrap([]) model_names(runtime, provider, endpoint) |> list.map(fn(id) {"
unwrap_used,src/albedo/harness/runtime.gleam,1282,listed_models,intentional fallback,"The default supplies an absent optional field, empty collection, display value, or initial accumulator shown in the reviewed expression; it acknowledges no required write.","|> option.map(fn(i) { i.efforts }) |> option.unwrap([]) ListedModel(id, info, efforts) })"
unwrap_used,src/albedo/harness/runtime.gleam,1293,model_efforts,intentional fallback,"The default supplies an absent optional field, empty collection, display value, or initial accumulator shown in the reviewed expression; it acknowledges no required write.",") -> List(String) { efforts_in(global(runtime) |> result.unwrap([]), model, endpoint) } "
unwrap_used,src/albedo/harness/runtime.gleam,1303,efforts_in,intentional fallback,"The default supplies an absent optional field, empty collection, display value, or initial accumulator shown in the reviewed expression; it acknowledges no required write.",|> option.map(fn(info) { info.efforts }) |> option.unwrap([]) } 
unwrap_used,src/albedo/harness/search.gleam,228,visit,intentional fallback,Search skips an unreadable row rather than fabricating a match or changing the transcript.,"|> result.map(tool.row_text) |> result.unwrap("""") case string.contains(string.lowercase(text), scan.needle) { True -> scan.step(acc, Match(session, seq, text))"
thrown_away_error,src/albedo/harness/search.gleam,260,preview,intentional fallback,Repository tracking and change previews are optional presentation hints.,"Ok(#(before, _)) -> string.length(before) Error(_) -> 0 } case at > 120 {"
thrown_away_error,src/albedo/harness/settings.gleam,28,load_at,intentional fallback,A missing optional extension settings section uses its caller-provided default; malformed present sections fail.,"case dict.get(sections, name) { Error(_) -> Ok(default) Ok(value) -> decode.run(value, decoder)"
thrown_away_error,src/albedo/harness/tool.gleam,61,text,intentional fallback,Malformed tool arguments return the existing usage/refusal response.,"|> result.map_error(extension.Refused) Error(_) -> Ok(extension.text(usage)) } },"
thrown_away_error,src/albedo/harness/tool.gleam,206,consume,intentional fallback,End of text terminates paging without introducing a synthetic grapheme.,"case string.pop_grapheme(text) { Error(_) -> TextPage(..page, pending: """") Ok(#(grapheme, """")) -> TextPage(..page, pending: grapheme) Ok(#(grapheme, rest)) -> {"
thrown_away_error,src/albedo/harness/vcs.gleam,164,drop_fields,intentional fallback,"The reviewed branch handles absence/invalid optional input, preserves a previously returned failure, or returns the existing boundary refusal shown in the expression; it acknowledges no required write.","case count, string.split_once(record, "" "") { 0, _ | _, Error(_) -> record _, Ok(#(_, rest)) -> drop_fields(rest, count - 1) }"
unwrap_used,src/albedo/harness/vcs.gleam,248,fork_bookmark,intentional fallback,"The default supplies an absent optional field, empty collection, display value, or initial accumulator shown in the reviewed expression; it acknowledges no required write.","named(local) |> result.map(pair.new(_, int.parse(time) |> result.unwrap(0))) _ -> Error(Nil) }"
unwrap_used,src/albedo/openai_api.gleam,228,event_stream,intentional fallback,"The default supplies an absent optional field, empty collection, display value, or initial accumulator shown in the reviewed expression; it acknowledges no required write.","|> list.first |> result.unwrap("""") |> string.trim |> string.lowercase"
unwrap_used,src/albedo/openai_api.gleam,394,http_error,intentional fallback,Non-UTF-8 HTTP error bodies use a bounded placeholder; bounded body slicing has checked limits.,"|> bit_array.to_string |> result.unwrap(""<non-UTF-8 response body>"") Error(types.HttpError(status, body)) }"
unwrap_used,src/albedo/openai_api.gleam,403,http_error,intentional fallback,Non-UTF-8 HTTP error bodies use a bounded placeholder; bounded body slicing has checked limits.,"let bytes = case bit_array.byte_size(bytes) > remaining { True -> bit_array.slice(bytes, 0, remaining) |> result.unwrap(<<>>) False -> bytes }"
thrown_away_error,src/albedo/openai_api/chat.gleam,79,feed,intentional fallback,An absent provider error envelope falls through to the required event decoder; malformed events still fail.,"Ok(message) -> Error(types.ProviderError(message)) Error(_) -> { use chunk <- result.try( decode.run(value, chunk_decoder())"
unwrap_used,src/albedo/openai_api/chat.gleam,180,tool_fragment_decoder,intentional fallback,"The default supplies an absent optional field, empty collection, display value, or initial accumulator shown in the reviewed expression; it acknowledges no required write.",") let #(name, arguments) = option.unwrap(function, #(None, None)) case kind { Some(kind) if kind != ""function"" ->"
unwrap_used,src/albedo/openai_api/chat.gleam,219,semantically_empty,intentional fallback,"The default supplies an absent optional field, empty collection, display value, or initial accumulator shown in the reviewed expression; it acknowledges no required write.",|> result.map(dict.is_empty) |> result.unwrap(False) } }
unwrap_used,src/albedo/openai_api/chat.gleam,334,append_optional,intentional fallback,"The default supplies an absent optional field, empty collection, display value, or initial accumulator shown in the reviewed expression; it acknowledges no required write.","None -> accumulated Some(f) -> Some([f, ..option.unwrap(accumulated, [])]) } }"
unwrap_used,src/albedo/openai_api/chat.gleam,376,merge_fragments,intentional fallback,"The default supplies an absent optional field, empty collection, display value, or initial accumulator shown in the reviewed expression; it acknowledges no required write.","dict.get(tools, index) |> result.unwrap(ToolBuilder(None, None, [])) let ToolBuilder(old_id, old_name, old_arguments) = builder use id <- result.try(merge_identity(old_id, id, ""tool call id""))"
unwrap_used,src/albedo/openai_api/reasoning.gleam,91,append,intentional fallback,"The default supplies an absent optional field, empty collection, display value, or initial accumulator shown in the reviewed expression; it acknowledges no required write.","dict.get(acc, delta.index) |> result.unwrap(Detail(delta.kind, dict.new(), dict.new())) case old.kind == delta.kind { False ->"
unwrap_used,src/albedo/openai_api/reasoning.gleam,118,append_text,intentional fallback,"The default supplies an absent optional field, empty collection, display value, or initial accumulator shown in the reviewed expression; it acknowledges no required write.","dict.fold(delta, acc, fn(acc, name, text) { let previous = dict.get(acc, name) |> result.unwrap([]) dict.insert(acc, name, [text, ..previous]) })"
unwrap_used,src/albedo/openai_api/reasoning.gleam,181,detail_text,intentional fallback,"The default supplies an absent optional field, empty collection, display value, or initial accumulator shown in the reviewed expression; it acknowledges no required write.","|> result.or(dict.get(detail.fragments, ""summary"")) |> result.unwrap("""") }) |> string.concat"
unwrap_used,src/albedo/openai_api/replay.gleam,116,message_decoder,intentional fallback,"The default supplies an absent optional field, empty collection, display value, or initial accumulator shown in the reviewed expression; it acknowledges no required write.",") decode.success(Message(option.unwrap(text, """"), calls, option.values(details))) }"
unwrap_used,src/albedo/openai_api/request.gleam,78,encode_with_policy,intentional fallback,"The default supplies an absent optional field, empty collection, display value, or initial accumulator shown in the reviewed expression; it acknowledges no required write.","option.map(options.tool_choice, tool_choice(protocol, _)) |> option.unwrap(json.string(""auto"")), ), #("
unwrap_used,src/albedo/openai_api/request.gleam,82,encode_with_policy,intentional fallback,"The default supplies an absent optional field, empty collection, display value, or initial accumulator shown in the reviewed expression; it acknowledges no required write.","""parallel_tool_calls"", json.bool(option.unwrap(options.parallel_tool_calls, True)), ), #("
unwrap_used,src/albedo/openai_api/request.gleam,94,encode_with_policy,intentional fallback,"The default supplies an absent optional field, empty collection, display value, or initial accumulator shown in the reviewed expression; it acknowledges no required write.","json.object([ #(""effort"", json.string(option.unwrap(options.effort, ""medium""))), #(""summary"", json.string(""auto"")), ]),"
unwrap_used,src/albedo/openai_api/responses.gleam,143,arguments_delta,intentional fallback,"Before the call name is available, the argument event retains its index and an empty display name.",")) let name = dict.get(state.call_names, index) |> result.unwrap("""") Ok(#(state, [types.ArgumentsDelta(index, name, delta)], None)) }"
unwrap_used,src/albedo/openai_api/sse.gleam,53,events,intentional fallback,"The default supplies an absent optional field, empty collection, display value, or initial accumulator shown in the reviewed expression; it acknowledges no required write.","|> list.map(fn(event) { Event(option.unwrap(ssevents.name_of(event), """"), ssevents.data_of(event)) }) }"
